code_iso;code_key
AFG;AFG
ALB;ALB
DZA;DZA
AND;AND
AGO;AGO
ATA;ATA
ATG;ATG
ARG;ARG
ARM;ARM
AUS;AUS-Australian-Capital-Territory
AUS;AUS-New-South-Wales
AUS;AUS-Northern-Territory
AUS;AUS-Queensland
AUS;AUS-South-Australia
AUS;AUS-Tasmania
AUS;AUS-Victoria
AUS;AUS-Western-Australia
AUT;AUT
AZE;AZE
BHS;BHS
BHR;BHR
BGD;BGD
BRB;BRB
BLR;BLR
BEL;BEL-Antwerp
BEL;BEL-Brussels
BEL;BEL-East-Flanders
BEL;BEL-Flemish-Brabant
BEL;BEL-Hainaut
BEL;BEL-Liege
BEL;BEL-Limburg
BEL;BEL-Luxembourg
BEL;BEL-Namur
BEL;BEL-Walloon-Brabant
BEL;BEL-West-Flanders
BLZ;BLZ
BEN;BEN
BTN;BTN
BOL;BOL
BIH;BIH
BWA;BWA
BRA;BRA-Acre
BRA;BRA-Alagoas
BRA;BRA-Amapa
BRA;BRA-Amazonas
BRA;BRA-Bahia
BRA;BRA-Ceara
BRA;BRA-Distrito-Federal
BRA;BRA-Espirito-Santo
BRA;BRA-Goias
BRA;BRA-Maranhao
BRA;BRA-Mato-Grosso
BRA;BRA-Mato-Grosso-do-Sul
BRA;BRA-Minas-Gerais
BRA;BRA-Para
BRA;BRA-Paraiba
BRA;BRA-Parana
BRA;BRA-Pernambuco
BRA;BRA-Piaui
BRA;BRA-Rio-Grande-do-Norte
BRA;BRA-Rio-Grande-do-Sul
BRA;BRA-Rio-de-Janeiro
BRA;BRA-Rondonia
BRA;BRA-Roraima
BRA;BRA-Santa-Catarina
BRA;BRA-Sao-Paulo
BRA;BRA-Sergipe
BRA;BRA-Tocantins
BRN;BRN
BGR;BGR
BFA;BFA
MMR;MMR
BDI;BDI
CPV;CPV
KHM;KHM
CMR;CMR
CAN;CAN-Alberta
CAN;CAN-British-Columbia
CAN;CAN-Manitoba
CAN;CAN-New-Brunswick
CAN;CAN-Newfoundland-and-Labrador
CAN;CAN-Northwest-Territories
CAN;CAN-Nova-Scotia
CAN;CAN-Nunavut
CAN;CAN-Ontario
CAN;CAN-Prince-Edward-Island
CAN;CAN-Quebec
CAN;CAN-Saskatchewan
CAN;CAN-Yukon
CAF;CAF
TCD;TCD
CHL;CHL-Antofagasta
CHL;CHL-Araucania
CHL;CHL-Arica-y-Parinacota
CHL;CHL-Atacama
CHL;CHL-Aysen
CHL;CHL-Biobio
CHL;CHL-Coquimbo
CHL;CHL-Los-Lagos
CHL;CHL-Los-Rios
CHL;CHL-Magallanes
CHL;CHL-Maule
CHL;CHL-Metropolitana
CHL;CHL-Nuble
CHL;CHL-OHiggins
CHL;CHL-Tarapaca
CHL;CHL-Valparaiso
CHN;CHN-Anhui
CHN;CHN-Beijing
CHN;CHN-Chongqing
CHN;CHN-Fujian
CHN;CHN-Gansu
CHN;CHN-Guangdong
CHN;CHN-Guangxi
CHN;CHN-Guizhou
CHN;CHN-Hainan
CHN;CHN-Hebei
CHN;CHN-Heilongjiang
CHN;CHN-Henan
CHN;CHN-Hong-Kong
CHN;CHN-Hubei
CHN;CHN-Hunan
CHN;CHN-Inner-Mongolia
CHN;CHN-Jiangsu
CHN;CHN-Jiangxi
CHN;CHN-Jilin
CHN;CHN-Liaoning
CHN;CHN-Macau
CHN;CHN-Ningxia
CHN;CHN-Qinghai
CHN;CHN-Shaanxi
CHN;CHN-Shandong
CHN;CHN-Shanghai
CHN;CHN-Shanxi
CHN;CHN-Sichuan
CHN;CHN-Tianjin
CHN;CHN-Tibet
CHN;CHN-Xinjiang
CHN;CHN-Yunnan
CHN;CHN-Zhejiang
COL;COL-Amazonas
COL;COL-Antioquia
COL;COL-Arauca
COL;COL-Atlantico
COL;COL-Bolivar
COL;COL-Boyaca
COL;COL-Caldas
COL;COL-Capital-District
COL;COL-Caqueta
COL;COL-Casanare
COL;COL-Cauca
COL;COL-Cesar
COL;COL-Choco
COL;COL-Cordoba
COL;COL-Cundinamarca
COL;COL-Guainia
COL;COL-Guaviare
COL;COL-Huila
COL;COL-La-Guajira
COL;COL-Magdalena
COL;COL-Meta
COL;COL-Narino
COL;COL-Norte-de-Santander
COL;COL-Putumayo
COL;COL-Quindio
COL;COL-Risaralda
COL;COL-San-Andres-y-Providencia
COL;COL-Santander
COL;COL-Sucre
COL;COL-Tolima
COL;COL-Valle-del-Cauca
COL;COL-Vaupes
COL;COL-Vichada
COM;COM
COG;COG
COD;COD
CRI;CRI
CIV;CIV
HRV;HRV
CUB;CUB
CYP;CYP
CZE;CZE
DNK;DNK-Faroe-Islands
DNK;DNK-Greenland
DNK;DNK
DJI;DJI
DMA;DMA
DOM;DOM
ECU;ECU
EGY;EGY
SLV;SLV
GNQ;GNQ
ERI;ERI
EST;EST
SWZ;SWZ
ETH;ETH
FJI;FJI
FIN;FIN
FRA;FRA-French-Guiana
FRA;FRA-French-Polynesia
FRA;FRA-Guadeloupe
FRA;FRA-Martinique
FRA;FRA-Mayotte
FRA;FRA-New-Caledonia
FRA;FRA-Reunion
FRA;FRA-Saint-Barthelemy
FRA;FRA-Saint-Pierre-and-Miquelon
FRA;FRA-St-Martin
FRA;FRA-Wallis-and-Futuna
FRA;FRA
GAB;GAB
GMB;GMB
GEO;GEO
DEU;DEU-Baden-Wurttemberg
DEU;DEU-Bayern
DEU;DEU-Berlin
DEU;DEU-Brandenburg
DEU;DEU-Bremen
DEU;DEU-Hamburg
DEU;DEU-Hessen
DEU;DEU-Mecklenburg-Vorpommern
DEU;DEU-Niedersachsen
DEU;DEU-Nordrhein-Westfalen
DEU;DEU-Rheinland-Pfalz
DEU;DEU-Saarland
DEU;DEU-Sachsen
DEU;DEU-Sachsen-Anhalt
DEU;DEU-Schleswig-Holstein
DEU;DEU-Thuringen
GHA;GHA
GRC;GRC
GRD;GRD
GTM;GTM
GIN;GIN
GNB;GNB
GUY;GUY
HTI;HTI
VAT;VAT
HND;HND
HUN;HUN
ISL;ISL
IND;IND-Andaman-and-Nicobar-Islands
IND;IND-Andhra-Pradesh
IND;IND-Arunachal-Pradesh
IND;IND-Assam
IND;IND-Bihar
IND;IND-Chandigarh
IND;IND-Chhattisgarh
IND;IND-Dadra-and-Nagar-Haveli-and-Daman-and-Diu
IND;IND-Delhi
IND;IND-Goa
IND;IND-Gujarat
IND;IND-Haryana
IND;IND-Himachal-Pradesh
IND;IND-Jammu-and-Kashmir
IND;IND-Jharkhand
IND;IND-Karnataka
IND;IND-Kerala
IND;IND-Ladakh
IND;IND-Lakshadweep
IND;IND-Madhya-Pradesh
IND;IND-Maharashtra
IND;IND-Manipur
IND;IND-Meghalaya
IND;IND-Mizoram
IND;IND-Nagaland
IND;IND-Odisha
IND;IND-Puducherry
IND;IND-Punjab
IND;IND-Rajasthan
IND;IND-Sikkim
IND;IND-Tamil-Nadu
IND;IND-Telangana
IND;IND-Tripura
IND;IND-Uttar-Pradesh
IND;IND-Uttarakhand
IND;IND-West-Bengal
IDN;IDN
IRN;IRN
IRQ;IRQ
IRL;IRL
ISR;ISR
ITA;ITA-Abruzzo
ITA;ITA-Basilicata
ITA;ITA-Calabria
ITA;ITA-Campania
ITA;ITA-Emilia-Romagna
ITA;ITA-Friuli-Venezia-Giulia
ITA;ITA-Lazio
ITA;ITA-Liguria
ITA;ITA-Lombardia
ITA;ITA-Marche
ITA;ITA-Molise
ITA;ITA-P.A.-Bolzano
ITA;ITA-P.A.-Trento
ITA;ITA-Piemonte
ITA;ITA-Puglia
ITA;ITA-Sardegna
ITA;ITA-Sicilia
ITA;ITA-Toscana
ITA;ITA-Umbria
ITA;ITA-Valle-d'Aosta
ITA;ITA-Veneto
JAM;JAM
JPN;JPN-Aichi
JPN;JPN-Akita
JPN;JPN-Aomori
JPN;JPN-Chiba
JPN;JPN-Ehime
JPN;JPN-Fukui
JPN;JPN-Fukuoka
JPN;JPN-Fukushima
JPN;JPN-Gifu
JPN;JPN-Gunma
JPN;JPN-Hiroshima
JPN;JPN-Hokkaido
JPN;JPN-Hyogo
JPN;JPN-Ibaraki
JPN;JPN-Ishikawa
JPN;JPN-Iwate
JPN;JPN-Kagawa
JPN;JPN-Kagoshima
JPN;JPN-Kanagawa
JPN;JPN-Kochi
JPN;JPN-Kumamoto
JPN;JPN-Kyoto
JPN;JPN-Mie
JPN;JPN-Miyagi
JPN;JPN-Miyazaki
JPN;JPN-Nagano
JPN;JPN-Nagasaki
JPN;JPN-Nara
JPN;JPN-Niigata
JPN;JPN-Oita
JPN;JPN-Okayama
JPN;JPN-Okinawa
JPN;JPN-Osaka
JPN;JPN-Saga
JPN;JPN-Saitama
JPN;JPN-Shiga
JPN;JPN-Shimane
JPN;JPN-Shizuoka
JPN;JPN-Tochigi
JPN;JPN-Tokushima
JPN;JPN-Tokyo
JPN;JPN-Tottori
JPN;JPN-Toyama
JPN;JPN-Wakayama
JPN;JPN-Yamagata
JPN;JPN-Yamaguchi
JPN;JPN-Yamanashi
JOR;JOR
KAZ;KAZ
KEN;KEN
KIR;KIR
PRK;PRK
KOR;KOR
XKX;XKX
KWT;KWT
KGZ;KGZ
LAO;LAO
LVA;LVA
LBN;LBN
LSO;LSO
LBR;LBR
LBY;LBY
LIE;LIE
LTU;LTU
LUX;LUX
MDG;MDG
MWI;MWI
MYS;MYS-Johor
MYS;MYS-Kedah
MYS;MYS-Kelantan
MYS;MYS-Melaka
MYS;MYS-Negeri-Sembilan
MYS;MYS-Pahang
MYS;MYS-Perak
MYS;MYS-Perlis
MYS;MYS-Pulau-Pinang
MYS;MYS-Sabah
MYS;MYS-Sarawak
MYS;MYS-Selangor
MYS;MYS-Terengganu
MYS;MYS-W.P.-Kuala-Lumpur
MYS;MYS-W.P.-Labuan
MYS;MYS-W.P.-Putrajaya
MDV;MDV
MLI;MLI
MLT;MLT
MHL;MHL
MRT;MRT
MUS;MUS
MEX;MEX-Aguascalientes
MEX;MEX-Baja-California
MEX;MEX-Baja-California-Sur
MEX;MEX-Campeche
MEX;MEX-Chiapas
MEX;MEX-Chihuahua
MEX;MEX-Ciudad-de-Mexico
MEX;MEX-Coahuila
MEX;MEX-Colima
MEX;MEX-Durango
MEX;MEX-Guanajuato
MEX;MEX-Guerrero
MEX;MEX-Hidalgo
MEX;MEX-Jalisco
MEX;MEX-Mexico
MEX;MEX-Michoacan
MEX;MEX-Morelos
MEX;MEX-Nayarit
MEX;MEX-Nuevo-Leon
MEX;MEX-Oaxaca
MEX;MEX-Puebla
MEX;MEX-Queretaro
MEX;MEX-Quintana-Roo
MEX;MEX-San-Luis-Potosi
MEX;MEX-Sinaloa
MEX;MEX-Sonora
MEX;MEX-Tabasco
MEX;MEX-Tamaulipas
MEX;MEX-Tlaxcala
MEX;MEX-Veracruz
MEX;MEX-Yucatan
MEX;MEX-Zacatecas
FSM;FSM
MDA;MDA
MCO;MCO
MNG;MNG
MNE;MNE
MAR;MAR
MOZ;MOZ
NAM;NAM
NRU;NRU
NPL;NPL
NLD;NLD-Aruba
NLD;NLD-Bonaire--Sint-Eustatius-and-Saba
NLD;NLD-Curacao
NLD;NLD-Drenthe
NLD;NLD-Flevoland
NLD;NLD-Friesland
NLD;NLD-Gelderland
NLD;NLD-Groningen
NLD;NLD-Limburg
NLD;NLD-Noord-Brabant
NLD;NLD-Noord-Holland
NLD;NLD-Overijssel
NLD;NLD-Sint-Maarten
NLD;NLD-Utrecht
NLD;NLD-Zeeland
NLD;NLD-Zuid-Holland
NZL;NZL-Cook-Islands
NZL;NZL-Niue
NZL;NZL
NIC;NIC
NER;NER
NGA;NGA
MKD;MKD
NOR;NOR
OMN;OMN
PAK;PAK-Azad-Jammu-and-Kashmir
PAK;PAK-Balochistan
PAK;PAK-Gilgit-Baltistan
PAK;PAK-Islamabad
PAK;PAK-Khyber-Pakhtunkhwa
PAK;PAK-Punjab
PAK;PAK-Sindh
PLW;PLW
PAN;PAN
PNG;PNG
PRY;PRY
PER;PER-Amazonas
PER;PER-Ancash
PER;PER-Apurimac
PER;PER-Arequipa
PER;PER-Ayacucho
PER;PER-Cajamarca
PER;PER-Callao
PER;PER-Cusco
PER;PER-Huancavelica
PER;PER-Huanuco
PER;PER-Ica
PER;PER-Junin
PER;PER-La-Libertad
PER;PER-Lambayeque
PER;PER-Lima
PER;PER-Loreto
PER;PER-Madre-de-Dios
PER;PER-Moquegua
PER;PER-Pasco
PER;PER-Piura
PER;PER-Puno
PER;PER-San-Martin
PER;PER-Tacna
PER;PER-Tumbes
PER;PER-Ucayali
PHL;PHL
POL;POL
PRT;PRT
QAT;QAT
ROU;ROU
RUS;RUS-Adygea-Republic
RUS;RUS-Altai-Krai
RUS;RUS-Altai-Republic
RUS;RUS-Amur-Oblast
RUS;RUS-Arkhangelsk-Oblast
RUS;RUS-Astrakhan-Oblast
RUS;RUS-Bashkortostan-Republic
RUS;RUS-Belgorod-Oblast
RUS;RUS-Bryansk-Oblast
RUS;RUS-Buryatia-Republic
RUS;RUS-Chechen-Republic
RUS;RUS-Chelyabinsk-Oblast
RUS;RUS-Chukotka-Autonomous-Okrug
RUS;RUS-Chuvashia-Republic
RUS;RUS-Dagestan-Republic
RUS;RUS-Ingushetia-Republic
RUS;RUS-Irkutsk-Oblast
RUS;RUS-Ivanovo-Oblast
RUS;RUS-Jewish-Autonomous-Okrug
RUS;RUS-Kabardino-Balkarian-Republic
RUS;RUS-Kaliningrad-Oblast
RUS;RUS-Kalmykia-Republic
RUS;RUS-Kaluga-Oblast
RUS;RUS-Kamchatka-Krai
RUS;RUS-Karachay-Cherkess-Republic
RUS;RUS-Karelia-Republic
RUS;RUS-Kemerovo-Oblast
RUS;RUS-Khabarovsk-Krai
RUS;RUS-Khakassia-Republic
RUS;RUS-Khanty-Mansi-Autonomous-Okrug
RUS;RUS-Kirov-Oblast
RUS;RUS-Komi-Republic
RUS;RUS-Kostroma-Oblast
RUS;RUS-Krasnodar-Krai
RUS;RUS-Krasnoyarsk-Krai
RUS;RUS-Kurgan-Oblast
RUS;RUS-Kursk-Oblast
RUS;RUS-Leningrad-Oblast
RUS;RUS-Lipetsk-Oblast
RUS;RUS-Magadan-Oblast
RUS;RUS-Mari-El-Republic
RUS;RUS-Mordovia-Republic
RUS;RUS-Moscow
RUS;RUS-Moscow-Oblast
RUS;RUS-Murmansk-Oblast
RUS;RUS-Nenets-Autonomous-Okrug
RUS;RUS-Nizhny-Novgorod-Oblast
RUS;RUS-North-Ossetia---Alania-Republic
RUS;RUS-Novgorod-Oblast
RUS;RUS-Novosibirsk-Oblast
RUS;RUS-Omsk-Oblast
RUS;RUS-Orel-Oblast
RUS;RUS-Orenburg-Oblast
RUS;RUS-Penza-Oblast
RUS;RUS-Perm-Krai
RUS;RUS-Primorsky-Krai
RUS;RUS-Pskov-Oblast
RUS;RUS-Rostov-Oblast
RUS;RUS-Ryazan-Oblast
RUS;RUS-Saint-Petersburg
RUS;RUS-Sakha-(Yakutiya)-Republic
RUS;RUS-Sakhalin-Oblast
RUS;RUS-Samara-Oblast
RUS;RUS-Saratov-Oblast
RUS;RUS-Smolensk-Oblast
RUS;RUS-Stavropol-Krai
RUS;RUS-Sverdlovsk-Oblast
RUS;RUS-Tambov-Oblast
RUS;RUS-Tatarstan-Republic
RUS;RUS-Tomsk-Oblast
RUS;RUS-Tula-Oblast
RUS;RUS-Tver-Oblast
RUS;RUS-Tyumen-Oblast
RUS;RUS-Tyva-Republic
RUS;RUS-Udmurt-Republic
RUS;RUS-Ulyanovsk-Oblast
RUS;RUS-Vladimir-Oblast
RUS;RUS-Volgograd-Oblast
RUS;RUS-Vologda-Oblast
RUS;RUS-Voronezh-Oblast
RUS;RUS-Yamalo-Nenets-Autonomous-Okrug
RUS;RUS-Yaroslavl-Oblast
RUS;RUS-Zabaykalsky-Krai
RWA;RWA
KNA;KNA
LCA;LCA
VCT;VCT
WSM;WSM
SMR;SMR
STP;STP
SAU;SAU
SEN;SEN
SRB;SRB
SYC;SYC
SLE;SLE
SGP;SGP
SVK;SVK
SVN;SVN
SLB;SLB
SOM;SOM
ZAF;ZAF
SSD;SSD
ESP;ESP-Andalusia
ESP;ESP-Aragon
ESP;ESP-Asturias
ESP;ESP-Baleares
ESP;ESP-C.-Valenciana
ESP;ESP-Canarias
ESP;ESP-Cantabria
ESP;ESP-Castilla---La-Mancha
ESP;ESP-Castilla-y-Leon
ESP;ESP-Catalonia
ESP;ESP-Ceuta
ESP;ESP-Extremadura
ESP;ESP-Galicia
ESP;ESP-La-Rioja
ESP;ESP-Madrid
ESP;ESP-Melilla
ESP;ESP-Murcia
ESP;ESP-Navarra
ESP;ESP-Pais-Vasco
LKA;LKA
SDN;SDN
SO2;SO2
SUR;SUR
SWE;SWE-Blekinge
SWE;SWE-Dalarna
SWE;SWE-Gavleborg
SWE;SWE-Gotland
SWE;SWE-Halland
SWE;SWE-Jamtland-Harjedalen
SWE;SWE-Jonkoping
SWE;SWE-Kalmar
SWE;SWE-Kronoberg
SWE;SWE-Norrbotten
SWE;SWE-Orebro
SWE;SWE-Ostergotland
SWE;SWE-Skane
SWE;SWE-Sormland
SWE;SWE-Stockholm
SWE;SWE-Uppsala
SWE;SWE-Varmland
SWE;SWE-Vasterbotten
SWE;SWE-Vasternorrland
SWE;SWE-Vastmanland
SWE;SWE-Vastra-Gotaland
CHE;CHE
SYR;SYR
TWN;TWN
TJK;TJK
TZA;TZA
THA;THA
TLS;TLS
TGO;TGO
TON;TON
TTO;TTO
TUN;TUN
TUR;TUR
TUV;TUV
USA;USA-Alabama-Autauga
USA;USA-Alabama-Baldwin
USA;USA-Alabama-Barbour
USA;USA-Alabama-Bibb
USA;USA-Alabama-Blount
USA;USA-Alabama-Bullock
USA;USA-Alabama-Butler
USA;USA-Alabama-Calhoun
USA;USA-Alabama-Chambers
USA;USA-Alabama-Cherokee
USA;USA-Alabama-Chilton
USA;USA-Alabama-Choctaw
USA;USA-Alabama-Clarke
USA;USA-Alabama-Clay
USA;USA-Alabama-Cleburne
USA;USA-Alabama-Coffee
USA;USA-Alabama-Colbert
USA;USA-Alabama-Conecuh
USA;USA-Alabama-Coosa
USA;USA-Alabama-Covington
USA;USA-Alabama-Crenshaw
USA;USA-Alabama-Cullman
USA;USA-Alabama-Dale
USA;USA-Alabama-Dallas
USA;USA-Alabama-DeKalb
USA;USA-Alabama-Elmore
USA;USA-Alabama-Escambia
USA;USA-Alabama-Etowah
USA;USA-Alabama-Fayette
USA;USA-Alabama-Franklin
USA;USA-Alabama-Geneva
USA;USA-Alabama-Greene
USA;USA-Alabama-Hale
USA;USA-Alabama-Henry
USA;USA-Alabama-Houston
USA;USA-Alabama-Jackson
USA;USA-Alabama-Jefferson
USA;USA-Alabama-Lamar
USA;USA-Alabama-Lauderdale
USA;USA-Alabama-Lawrence
USA;USA-Alabama-Lee
USA;USA-Alabama-Limestone
USA;USA-Alabama-Lowndes
USA;USA-Alabama-Macon
USA;USA-Alabama-Madison
USA;USA-Alabama-Marengo
USA;USA-Alabama-Marion
USA;USA-Alabama-Marshall
USA;USA-Alabama-Mobile
USA;USA-Alabama-Monroe
USA;USA-Alabama-Montgomery
USA;USA-Alabama-Morgan
USA;USA-Alabama-Perry
USA;USA-Alabama-Pickens
USA;USA-Alabama-Pike
USA;USA-Alabama-Randolph
USA;USA-Alabama-Russell
USA;USA-Alabama-Shelby
USA;USA-Alabama-St.-Clair
USA;USA-Alabama-Sumter
USA;USA-Alabama-Talladega
USA;USA-Alabama-Tallapoosa
USA;USA-Alabama-Tuscaloosa
USA;USA-Alabama-Walker
USA;USA-Alabama-Washington
USA;USA-Alabama-Wilcox
USA;USA-Alabama-Winston
USA;USA-Alaska-Aleutians-East
USA;USA-Alaska-Aleutians-West
USA;USA-Alaska-Anchorage
USA;USA-Alaska-Bethel
USA;USA-Alaska-Bristol-Bay
USA;USA-Alaska-Bristol-Bay-plus-Lake-and-Peninsula
USA;USA-Alaska-Chugach
USA;USA-Alaska-Copper-River
USA;USA-Alaska-Denali
USA;USA-Alaska-Dillingham
USA;USA-Alaska-Fairbanks-North-Star
USA;USA-Alaska-Haines
USA;USA-Alaska-Juneau
USA;USA-Alaska-Kenai-Peninsula
USA;USA-Alaska-Ketchikan-Gateway
USA;USA-Alaska-Kodiak-Island
USA;USA-Alaska-Kusilvak
USA;USA-Alaska-Matanuska-Susitna
USA;USA-Alaska-Nome
USA;USA-Alaska-North-Slope
USA;USA-Alaska-Northwest-Arctic
USA;USA-Alaska-Petersburg
USA;USA-Alaska-Prince-of-Wales-Hyder
USA;USA-Alaska-Sitka
USA;USA-Alaska-Skagway
USA;USA-Alaska-Southeast-Fairbanks
USA;USA-Alaska-Valdez-Cordova
USA;USA-Alaska-Wrangell
USA;USA-Alaska-Yakutat
USA;USA-Alaska-Yukon-Koyukuk
USA;USA-American-Samoa
USA;USA-Arizona-Apache
USA;USA-Arizona-Cochise
USA;USA-Arizona-Coconino
USA;USA-Arizona-Gila
USA;USA-Arizona-Graham
USA;USA-Arizona-Greenlee
USA;USA-Arizona-La-Paz
USA;USA-Arizona-Maricopa
USA;USA-Arizona-Mohave
USA;USA-Arizona-Navajo
USA;USA-Arizona-Pima
USA;USA-Arizona-Pinal
USA;USA-Arizona-Santa-Cruz
USA;USA-Arizona-Yavapai
USA;USA-Arizona-Yuma
USA;USA-Arkansas-Arkansas
USA;USA-Arkansas-Ashley
USA;USA-Arkansas-Baxter
USA;USA-Arkansas-Benton
USA;USA-Arkansas-Boone
USA;USA-Arkansas-Bradley
USA;USA-Arkansas-Calhoun
USA;USA-Arkansas-Carroll
USA;USA-Arkansas-Chicot
USA;USA-Arkansas-Clark
USA;USA-Arkansas-Clay
USA;USA-Arkansas-Cleburne
USA;USA-Arkansas-Cleveland
USA;USA-Arkansas-Columbia
USA;USA-Arkansas-Conway
USA;USA-Arkansas-Craighead
USA;USA-Arkansas-Crawford
USA;USA-Arkansas-Crittenden
USA;USA-Arkansas-Cross
USA;USA-Arkansas-Dallas
USA;USA-Arkansas-Desha
USA;USA-Arkansas-Drew
USA;USA-Arkansas-Faulkner
USA;USA-Arkansas-Franklin
USA;USA-Arkansas-Fulton
USA;USA-Arkansas-Garland
USA;USA-Arkansas-Grant
USA;USA-Arkansas-Greene
USA;USA-Arkansas-Hempstead
USA;USA-Arkansas-Hot-Spring
USA;USA-Arkansas-Howard
USA;USA-Arkansas-Independence
USA;USA-Arkansas-Izard
USA;USA-Arkansas-Jackson
USA;USA-Arkansas-Jefferson
USA;USA-Arkansas-Johnson
USA;USA-Arkansas-Lafayette
USA;USA-Arkansas-Lawrence
USA;USA-Arkansas-Lee
USA;USA-Arkansas-Lincoln
USA;USA-Arkansas-Little-River
USA;USA-Arkansas-Logan
USA;USA-Arkansas-Lonoke
USA;USA-Arkansas-Madison
USA;USA-Arkansas-Marion
USA;USA-Arkansas-Miller
USA;USA-Arkansas-Mississippi
USA;USA-Arkansas-Monroe
USA;USA-Arkansas-Montgomery
USA;USA-Arkansas-Nevada
USA;USA-Arkansas-Newton
USA;USA-Arkansas-Ouachita
USA;USA-Arkansas-Perry
USA;USA-Arkansas-Phillips
USA;USA-Arkansas-Pike
USA;USA-Arkansas-Poinsett
USA;USA-Arkansas-Polk
USA;USA-Arkansas-Pope
USA;USA-Arkansas-Prairie
USA;USA-Arkansas-Pulaski
USA;USA-Arkansas-Randolph
USA;USA-Arkansas-Saline
USA;USA-Arkansas-Scott
USA;USA-Arkansas-Searcy
USA;USA-Arkansas-Sebastian
USA;USA-Arkansas-Sevier
USA;USA-Arkansas-Sharp
USA;USA-Arkansas-St.-Francis
USA;USA-Arkansas-Stone
USA;USA-Arkansas-Union
USA;USA-Arkansas-Van-Buren
USA;USA-Arkansas-Washington
USA;USA-Arkansas-White
USA;USA-Arkansas-Woodruff
USA;USA-Arkansas-Yell
USA;USA-California-Alameda
USA;USA-California-Alpine
USA;USA-California-Amador
USA;USA-California-Butte
USA;USA-California-Calaveras
USA;USA-California-Colusa
USA;USA-California-Contra-Costa
USA;USA-California-Del-Norte
USA;USA-California-El-Dorado
USA;USA-California-Fresno
USA;USA-California-Glenn
USA;USA-California-Humboldt
USA;USA-California-Imperial
USA;USA-California-Inyo
USA;USA-California-Kern
USA;USA-California-Kings
USA;USA-California-Lake
USA;USA-California-Lassen
USA;USA-California-Los-Angeles
USA;USA-California-Madera
USA;USA-California-Marin
USA;USA-California-Mariposa
USA;USA-California-Mendocino
USA;USA-California-Merced
USA;USA-California-Modoc
USA;USA-California-Mono
USA;USA-California-Monterey
USA;USA-California-Napa
USA;USA-California-Nevada
USA;USA-California-Orange
USA;USA-California-Placer
USA;USA-California-Plumas
USA;USA-California-Riverside
USA;USA-California-Sacramento
USA;USA-California-San-Benito
USA;USA-California-San-Bernardino
USA;USA-California-San-Diego
USA;USA-California-San-Francisco
USA;USA-California-San-Joaquin
USA;USA-California-San-Luis-Obispo
USA;USA-California-San-Mateo
USA;USA-California-Santa-Barbara
USA;USA-California-Santa-Clara
USA;USA-California-Santa-Cruz
USA;USA-California-Shasta
USA;USA-California-Sierra
USA;USA-California-Siskiyou
USA;USA-California-Solano
USA;USA-California-Sonoma
USA;USA-California-Stanislaus
USA;USA-California-Sutter
USA;USA-California-Tehama
USA;USA-California-Trinity
USA;USA-California-Tulare
USA;USA-California-Tuolumne
USA;USA-California-Ventura
USA;USA-California-Yolo
USA;USA-California-Yuba
USA;USA-Colorado-Adams
USA;USA-Colorado-Alamosa
USA;USA-Colorado-Arapahoe
USA;USA-Colorado-Archuleta
USA;USA-Colorado-Baca
USA;USA-Colorado-Bent
USA;USA-Colorado-Boulder
USA;USA-Colorado-Broomfield
USA;USA-Colorado-Chaffee
USA;USA-Colorado-Cheyenne
USA;USA-Colorado-Clear-Creek
USA;USA-Colorado-Conejos
USA;USA-Colorado-Costilla
USA;USA-Colorado-Crowley
USA;USA-Colorado-Custer
USA;USA-Colorado-Delta
USA;USA-Colorado-Denver
USA;USA-Colorado-Dolores
USA;USA-Colorado-Douglas
USA;USA-Colorado-Eagle
USA;USA-Colorado-El-Paso
USA;USA-Colorado-Elbert
USA;USA-Colorado-Fremont
USA;USA-Colorado-Garfield
USA;USA-Colorado-Gilpin
USA;USA-Colorado-Grand
USA;USA-Colorado-Gunnison
USA;USA-Colorado-Hinsdale
USA;USA-Colorado-Huerfano
USA;USA-Colorado-Jackson
USA;USA-Colorado-Jefferson
USA;USA-Colorado-Kiowa
USA;USA-Colorado-Kit-Carson
USA;USA-Colorado-La-Plata
USA;USA-Colorado-Lake
USA;USA-Colorado-Larimer
USA;USA-Colorado-Las-Animas
USA;USA-Colorado-Lincoln
USA;USA-Colorado-Logan
USA;USA-Colorado-Mesa
USA;USA-Colorado-Mineral
USA;USA-Colorado-Moffat
USA;USA-Colorado-Montezuma
USA;USA-Colorado-Montrose
USA;USA-Colorado-Morgan
USA;USA-Colorado-Otero
USA;USA-Colorado-Ouray
USA;USA-Colorado-Park
USA;USA-Colorado-Phillips
USA;USA-Colorado-Pitkin
USA;USA-Colorado-Prowers
USA;USA-Colorado-Pueblo
USA;USA-Colorado-Rio-Blanco
USA;USA-Colorado-Rio-Grande
USA;USA-Colorado-Routt
USA;USA-Colorado-Saguache
USA;USA-Colorado-San-Juan
USA;USA-Colorado-San-Miguel
USA;USA-Colorado-Sedgwick
USA;USA-Colorado-Summit
USA;USA-Colorado-Teller
USA;USA-Colorado-Washington
USA;USA-Colorado-Weld
USA;USA-Colorado-Yuma
USA;USA-Connecticut-Fairfield
USA;USA-Connecticut-Hartford
USA;USA-Connecticut-Litchfield
USA;USA-Connecticut-Middlesex
USA;USA-Connecticut-New-Haven
USA;USA-Connecticut-New-London
USA;USA-Connecticut-Tolland
USA;USA-Connecticut-Windham
USA;USA-Delaware-Kent
USA;USA-Delaware-New-Castle
USA;USA-Delaware-Sussex
USA;USA-District-of-Columbia-District-of-Columbia
USA;USA-Florida-Alachua
USA;USA-Florida-Baker
USA;USA-Florida-Bay
USA;USA-Florida-Bradford
USA;USA-Florida-Brevard
USA;USA-Florida-Broward
USA;USA-Florida-Calhoun
USA;USA-Florida-Charlotte
USA;USA-Florida-Citrus
USA;USA-Florida-Clay
USA;USA-Florida-Collier
USA;USA-Florida-Columbia
USA;USA-Florida-DeSoto
USA;USA-Florida-Dixie
USA;USA-Florida-Duval
USA;USA-Florida-Escambia
USA;USA-Florida-Flagler
USA;USA-Florida-Franklin
USA;USA-Florida-Gadsden
USA;USA-Florida-Gilchrist
USA;USA-Florida-Glades
USA;USA-Florida-Gulf
USA;USA-Florida-Hamilton
USA;USA-Florida-Hardee
USA;USA-Florida-Hendry
USA;USA-Florida-Hernando
USA;USA-Florida-Highlands
USA;USA-Florida-Hillsborough
USA;USA-Florida-Holmes
USA;USA-Florida-Indian-River
USA;USA-Florida-Jackson
USA;USA-Florida-Jefferson
USA;USA-Florida-Lafayette
USA;USA-Florida-Lake
USA;USA-Florida-Lee
USA;USA-Florida-Leon
USA;USA-Florida-Levy
USA;USA-Florida-Liberty
USA;USA-Florida-Madison
USA;USA-Florida-Manatee
USA;USA-Florida-Marion
USA;USA-Florida-Martin
USA;USA-Florida-Miami-Dade
USA;USA-Florida-Monroe
USA;USA-Florida-Nassau
USA;USA-Florida-Okaloosa
USA;USA-Florida-Okeechobee
USA;USA-Florida-Orange
USA;USA-Florida-Osceola
USA;USA-Florida-Palm-Beach
USA;USA-Florida-Pasco
USA;USA-Florida-Pinellas
USA;USA-Florida-Polk
USA;USA-Florida-Putnam
USA;USA-Florida-Santa-Rosa
USA;USA-Florida-Sarasota
USA;USA-Florida-Seminole
USA;USA-Florida-St.-Johns
USA;USA-Florida-St.-Lucie
USA;USA-Florida-Sumter
USA;USA-Florida-Suwannee
USA;USA-Florida-Taylor
USA;USA-Florida-Union
USA;USA-Florida-Volusia
USA;USA-Florida-Wakulla
USA;USA-Florida-Walton
USA;USA-Florida-Washington
USA;USA-Georgia-Appling
USA;USA-Georgia-Atkinson
USA;USA-Georgia-Bacon
USA;USA-Georgia-Baker
USA;USA-Georgia-Baldwin
USA;USA-Georgia-Banks
USA;USA-Georgia-Barrow
USA;USA-Georgia-Bartow
USA;USA-Georgia-Ben-Hill
USA;USA-Georgia-Berrien
USA;USA-Georgia-Bibb
USA;USA-Georgia-Bleckley
USA;USA-Georgia-Brantley
USA;USA-Georgia-Brooks
USA;USA-Georgia-Bryan
USA;USA-Georgia-Bulloch
USA;USA-Georgia-Burke
USA;USA-Georgia-Butts
USA;USA-Georgia-Calhoun
USA;USA-Georgia-Camden
USA;USA-Georgia-Candler
USA;USA-Georgia-Carroll
USA;USA-Georgia-Catoosa
USA;USA-Georgia-Charlton
USA;USA-Georgia-Chatham
USA;USA-Georgia-Chattahoochee
USA;USA-Georgia-Chattooga
USA;USA-Georgia-Cherokee
USA;USA-Georgia-Clarke
USA;USA-Georgia-Clay
USA;USA-Georgia-Clayton
USA;USA-Georgia-Clinch
USA;USA-Georgia-Cobb
USA;USA-Georgia-Coffee
USA;USA-Georgia-Colquitt
USA;USA-Georgia-Columbia
USA;USA-Georgia-Cook
USA;USA-Georgia-Coweta
USA;USA-Georgia-Crawford
USA;USA-Georgia-Crisp
USA;USA-Georgia-Dade
USA;USA-Georgia-Dawson
USA;USA-Georgia-DeKalb
USA;USA-Georgia-Decatur
USA;USA-Georgia-Dodge
USA;USA-Georgia-Dooly
USA;USA-Georgia-Dougherty
USA;USA-Georgia-Douglas
USA;USA-Georgia-Early
USA;USA-Georgia-Echols
USA;USA-Georgia-Effingham
USA;USA-Georgia-Elbert
USA;USA-Georgia-Emanuel
USA;USA-Georgia-Evans
USA;USA-Georgia-Fannin
USA;USA-Georgia-Fayette
USA;USA-Georgia-Floyd
USA;USA-Georgia-Forsyth
USA;USA-Georgia-Franklin
USA;USA-Georgia-Fulton
USA;USA-Georgia-Gilmer
USA;USA-Georgia-Glascock
USA;USA-Georgia-Glynn
USA;USA-Georgia-Gordon
USA;USA-Georgia-Grady
USA;USA-Georgia-Greene
USA;USA-Georgia-Gwinnett
USA;USA-Georgia-Habersham
USA;USA-Georgia-Hall
USA;USA-Georgia-Hancock
USA;USA-Georgia-Haralson
USA;USA-Georgia-Harris
USA;USA-Georgia-Hart
USA;USA-Georgia-Heard
USA;USA-Georgia-Henry
USA;USA-Georgia-Houston
USA;USA-Georgia-Irwin
USA;USA-Georgia-Jackson
USA;USA-Georgia-Jasper
USA;USA-Georgia-Jeff-Davis
USA;USA-Georgia-Jefferson
USA;USA-Georgia-Jenkins
USA;USA-Georgia-Johnson
USA;USA-Georgia-Jones
USA;USA-Georgia-Lamar
USA;USA-Georgia-Lanier
USA;USA-Georgia-Laurens
USA;USA-Georgia-Lee
USA;USA-Georgia-Liberty
USA;USA-Georgia-Lincoln
USA;USA-Georgia-Long
USA;USA-Georgia-Lowndes
USA;USA-Georgia-Lumpkin
USA;USA-Georgia-Macon
USA;USA-Georgia-Madison
USA;USA-Georgia-Marion
USA;USA-Georgia-McDuffie
USA;USA-Georgia-McIntosh
USA;USA-Georgia-Meriwether
USA;USA-Georgia-Miller
USA;USA-Georgia-Mitchell
USA;USA-Georgia-Monroe
USA;USA-Georgia-Montgomery
USA;USA-Georgia-Morgan
USA;USA-Georgia-Murray
USA;USA-Georgia-Muscogee
USA;USA-Georgia-Newton
USA;USA-Georgia-Oconee
USA;USA-Georgia-Oglethorpe
USA;USA-Georgia-Paulding
USA;USA-Georgia-Peach
USA;USA-Georgia-Pickens
USA;USA-Georgia-Pierce
USA;USA-Georgia-Pike
USA;USA-Georgia-Polk
USA;USA-Georgia-Pulaski
USA;USA-Georgia-Putnam
USA;USA-Georgia-Quitman
USA;USA-Georgia-Rabun
USA;USA-Georgia-Randolph
USA;USA-Georgia-Richmond
USA;USA-Georgia-Rockdale
USA;USA-Georgia-Schley
USA;USA-Georgia-Screven
USA;USA-Georgia-Seminole
USA;USA-Georgia-Spalding
USA;USA-Georgia-Stephens
USA;USA-Georgia-Stewart
USA;USA-Georgia-Sumter
USA;USA-Georgia-Talbot
USA;USA-Georgia-Taliaferro
USA;USA-Georgia-Tattnall
USA;USA-Georgia-Taylor
USA;USA-Georgia-Telfair
USA;USA-Georgia-Terrell
USA;USA-Georgia-Thomas
USA;USA-Georgia-Tift
USA;USA-Georgia-Toombs
USA;USA-Georgia-Towns
USA;USA-Georgia-Treutlen
USA;USA-Georgia-Troup
USA;USA-Georgia-Turner
USA;USA-Georgia-Twiggs
USA;USA-Georgia-Union
USA;USA-Georgia-Upson
USA;USA-Georgia-Walker
USA;USA-Georgia-Walton
USA;USA-Georgia-Ware
USA;USA-Georgia-Warren
USA;USA-Georgia-Washington
USA;USA-Georgia-Wayne
USA;USA-Georgia-Webster
USA;USA-Georgia-Wheeler
USA;USA-Georgia-White
USA;USA-Georgia-Whitfield
USA;USA-Georgia-Wilcox
USA;USA-Georgia-Wilkes
USA;USA-Georgia-Wilkinson
USA;USA-Georgia-Worth
USA;USA-Guam
USA;USA-Hawaii-Hawaii
USA;USA-Hawaii-Honolulu
USA;USA-Hawaii-Kauai
USA;USA-Hawaii-Maui
USA;USA-Idaho-Ada
USA;USA-Idaho-Adams
USA;USA-Idaho-Bannock
USA;USA-Idaho-Bear-Lake
USA;USA-Idaho-Benewah
USA;USA-Idaho-Bingham
USA;USA-Idaho-Blaine
USA;USA-Idaho-Boise
USA;USA-Idaho-Bonner
USA;USA-Idaho-Bonneville
USA;USA-Idaho-Boundary
USA;USA-Idaho-Butte
USA;USA-Idaho-Camas
USA;USA-Idaho-Canyon
USA;USA-Idaho-Caribou
USA;USA-Idaho-Cassia
USA;USA-Idaho-Clark
USA;USA-Idaho-Clearwater
USA;USA-Idaho-Custer
USA;USA-Idaho-Elmore
USA;USA-Idaho-Franklin
USA;USA-Idaho-Fremont
USA;USA-Idaho-Gem
USA;USA-Idaho-Gooding
USA;USA-Idaho-Idaho
USA;USA-Idaho-Jefferson
USA;USA-Idaho-Jerome
USA;USA-Idaho-Kootenai
USA;USA-Idaho-Latah
USA;USA-Idaho-Lemhi
USA;USA-Idaho-Lewis
USA;USA-Idaho-Lincoln
USA;USA-Idaho-Madison
USA;USA-Idaho-Minidoka
USA;USA-Idaho-Nez-Perce
USA;USA-Idaho-Oneida
USA;USA-Idaho-Owyhee
USA;USA-Idaho-Payette
USA;USA-Idaho-Power
USA;USA-Idaho-Shoshone
USA;USA-Idaho-Teton
USA;USA-Idaho-Twin-Falls
USA;USA-Idaho-Valley
USA;USA-Idaho-Washington
USA;USA-Illinois-Adams
USA;USA-Illinois-Alexander
USA;USA-Illinois-Bond
USA;USA-Illinois-Boone
USA;USA-Illinois-Brown
USA;USA-Illinois-Bureau
USA;USA-Illinois-Calhoun
USA;USA-Illinois-Carroll
USA;USA-Illinois-Cass
USA;USA-Illinois-Champaign
USA;USA-Illinois-Christian
USA;USA-Illinois-Clark
USA;USA-Illinois-Clay
USA;USA-Illinois-Clinton
USA;USA-Illinois-Coles
USA;USA-Illinois-Cook
USA;USA-Illinois-Crawford
USA;USA-Illinois-Cumberland
USA;USA-Illinois-De-Witt
USA;USA-Illinois-DeKalb
USA;USA-Illinois-Douglas
USA;USA-Illinois-DuPage
USA;USA-Illinois-Edgar
USA;USA-Illinois-Edwards
USA;USA-Illinois-Effingham
USA;USA-Illinois-Fayette
USA;USA-Illinois-Ford
USA;USA-Illinois-Franklin
USA;USA-Illinois-Fulton
USA;USA-Illinois-Gallatin
USA;USA-Illinois-Greene
USA;USA-Illinois-Grundy
USA;USA-Illinois-Hamilton
USA;USA-Illinois-Hancock
USA;USA-Illinois-Hardin
USA;USA-Illinois-Henderson
USA;USA-Illinois-Henry
USA;USA-Illinois-Iroquois
USA;USA-Illinois-Jackson
USA;USA-Illinois-Jasper
USA;USA-Illinois-Jefferson
USA;USA-Illinois-Jersey
USA;USA-Illinois-Jo-Daviess
USA;USA-Illinois-Johnson
USA;USA-Illinois-Kane
USA;USA-Illinois-Kankakee
USA;USA-Illinois-Kendall
USA;USA-Illinois-Knox
USA;USA-Illinois-LaSalle
USA;USA-Illinois-Lake
USA;USA-Illinois-Lawrence
USA;USA-Illinois-Lee
USA;USA-Illinois-Livingston
USA;USA-Illinois-Logan
USA;USA-Illinois-Macon
USA;USA-Illinois-Macoupin
USA;USA-Illinois-Madison
USA;USA-Illinois-Marion
USA;USA-Illinois-Marshall
USA;USA-Illinois-Mason
USA;USA-Illinois-Massac
USA;USA-Illinois-McDonough
USA;USA-Illinois-McHenry
USA;USA-Illinois-McLean
USA;USA-Illinois-Menard
USA;USA-Illinois-Mercer
USA;USA-Illinois-Monroe
USA;USA-Illinois-Montgomery
USA;USA-Illinois-Morgan
USA;USA-Illinois-Moultrie
USA;USA-Illinois-Ogle
USA;USA-Illinois-Peoria
USA;USA-Illinois-Perry
USA;USA-Illinois-Piatt
USA;USA-Illinois-Pike
USA;USA-Illinois-Pope
USA;USA-Illinois-Pulaski
USA;USA-Illinois-Putnam
USA;USA-Illinois-Randolph
USA;USA-Illinois-Richland
USA;USA-Illinois-Rock-Island
USA;USA-Illinois-Saline
USA;USA-Illinois-Sangamon
USA;USA-Illinois-Schuyler
USA;USA-Illinois-Scott
USA;USA-Illinois-Shelby
USA;USA-Illinois-St.-Clair
USA;USA-Illinois-Stark
USA;USA-Illinois-Stephenson
USA;USA-Illinois-Tazewell
USA;USA-Illinois-Union
USA;USA-Illinois-Vermilion
USA;USA-Illinois-Wabash
USA;USA-Illinois-Warren
USA;USA-Illinois-Washington
USA;USA-Illinois-Wayne
USA;USA-Illinois-White
USA;USA-Illinois-Whiteside
USA;USA-Illinois-Will
USA;USA-Illinois-Williamson
USA;USA-Illinois-Winnebago
USA;USA-Illinois-Woodford
USA;USA-Indiana-Adams
USA;USA-Indiana-Allen
USA;USA-Indiana-Bartholomew
USA;USA-Indiana-Benton
USA;USA-Indiana-Blackford
USA;USA-Indiana-Boone
USA;USA-Indiana-Brown
USA;USA-Indiana-Carroll
USA;USA-Indiana-Cass
USA;USA-Indiana-Clark
USA;USA-Indiana-Clay
USA;USA-Indiana-Clinton
USA;USA-Indiana-Crawford
USA;USA-Indiana-Daviess
USA;USA-Indiana-DeKalb
USA;USA-Indiana-Dearborn
USA;USA-Indiana-Decatur
USA;USA-Indiana-Delaware
USA;USA-Indiana-Dubois
USA;USA-Indiana-Elkhart
USA;USA-Indiana-Fayette
USA;USA-Indiana-Floyd
USA;USA-Indiana-Fountain
USA;USA-Indiana-Franklin
USA;USA-Indiana-Fulton
USA;USA-Indiana-Gibson
USA;USA-Indiana-Grant
USA;USA-Indiana-Greene
USA;USA-Indiana-Hamilton
USA;USA-Indiana-Hancock
USA;USA-Indiana-Harrison
USA;USA-Indiana-Hendricks
USA;USA-Indiana-Henry
USA;USA-Indiana-Howard
USA;USA-Indiana-Huntington
USA;USA-Indiana-Jackson
USA;USA-Indiana-Jasper
USA;USA-Indiana-Jay
USA;USA-Indiana-Jefferson
USA;USA-Indiana-Jennings
USA;USA-Indiana-Johnson
USA;USA-Indiana-Knox
USA;USA-Indiana-Kosciusko
USA;USA-Indiana-LaGrange
USA;USA-Indiana-LaPorte
USA;USA-Indiana-Lake
USA;USA-Indiana-Lawrence
USA;USA-Indiana-Madison
USA;USA-Indiana-Marion
USA;USA-Indiana-Marshall
USA;USA-Indiana-Martin
USA;USA-Indiana-Miami
USA;USA-Indiana-Monroe
USA;USA-Indiana-Montgomery
USA;USA-Indiana-Morgan
USA;USA-Indiana-Newton
USA;USA-Indiana-Noble
USA;USA-Indiana-Ohio
USA;USA-Indiana-Orange
USA;USA-Indiana-Owen
USA;USA-Indiana-Parke
USA;USA-Indiana-Perry
USA;USA-Indiana-Pike
USA;USA-Indiana-Porter
USA;USA-Indiana-Posey
USA;USA-Indiana-Pulaski
USA;USA-Indiana-Putnam
USA;USA-Indiana-Randolph
USA;USA-Indiana-Ripley
USA;USA-Indiana-Rush
USA;USA-Indiana-Scott
USA;USA-Indiana-Shelby
USA;USA-Indiana-Spencer
USA;USA-Indiana-St.-Joseph
USA;USA-Indiana-Starke
USA;USA-Indiana-Steuben
USA;USA-Indiana-Sullivan
USA;USA-Indiana-Switzerland
USA;USA-Indiana-Tippecanoe
USA;USA-Indiana-Tipton
USA;USA-Indiana-Union
USA;USA-Indiana-Vanderburgh
USA;USA-Indiana-Vermillion
USA;USA-Indiana-Vigo
USA;USA-Indiana-Wabash
USA;USA-Indiana-Warren
USA;USA-Indiana-Warrick
USA;USA-Indiana-Washington
USA;USA-Indiana-Wayne
USA;USA-Indiana-Wells
USA;USA-Indiana-White
USA;USA-Indiana-Whitley
USA;USA-Iowa-Adair
USA;USA-Iowa-Adams
USA;USA-Iowa-Allamakee
USA;USA-Iowa-Appanoose
USA;USA-Iowa-Audubon
USA;USA-Iowa-Benton
USA;USA-Iowa-Black-Hawk
USA;USA-Iowa-Boone
USA;USA-Iowa-Bremer
USA;USA-Iowa-Buchanan
USA;USA-Iowa-Buena-Vista
USA;USA-Iowa-Butler
USA;USA-Iowa-Calhoun
USA;USA-Iowa-Carroll
USA;USA-Iowa-Cass
USA;USA-Iowa-Cedar
USA;USA-Iowa-Cerro-Gordo
USA;USA-Iowa-Cherokee
USA;USA-Iowa-Chickasaw
USA;USA-Iowa-Clarke
USA;USA-Iowa-Clay
USA;USA-Iowa-Clayton
USA;USA-Iowa-Clinton
USA;USA-Iowa-Crawford
USA;USA-Iowa-Dallas
USA;USA-Iowa-Davis
USA;USA-Iowa-Decatur
USA;USA-Iowa-Delaware
USA;USA-Iowa-Des-Moines
USA;USA-Iowa-Dickinson
USA;USA-Iowa-Dubuque
USA;USA-Iowa-Emmet
USA;USA-Iowa-Fayette
USA;USA-Iowa-Floyd
USA;USA-Iowa-Franklin
USA;USA-Iowa-Fremont
USA;USA-Iowa-Greene
USA;USA-Iowa-Grundy
USA;USA-Iowa-Guthrie
USA;USA-Iowa-Hamilton
USA;USA-Iowa-Hancock
USA;USA-Iowa-Hardin
USA;USA-Iowa-Harrison
USA;USA-Iowa-Henry
USA;USA-Iowa-Howard
USA;USA-Iowa-Humboldt
USA;USA-Iowa-Ida
USA;USA-Iowa-Iowa
USA;USA-Iowa-Jackson
USA;USA-Iowa-Jasper
USA;USA-Iowa-Jefferson
USA;USA-Iowa-Johnson
USA;USA-Iowa-Jones
USA;USA-Iowa-Keokuk
USA;USA-Iowa-Kossuth
USA;USA-Iowa-Lee
USA;USA-Iowa-Linn
USA;USA-Iowa-Louisa
USA;USA-Iowa-Lucas
USA;USA-Iowa-Lyon
USA;USA-Iowa-Madison
USA;USA-Iowa-Mahaska
USA;USA-Iowa-Marion
USA;USA-Iowa-Marshall
USA;USA-Iowa-Mills
USA;USA-Iowa-Mitchell
USA;USA-Iowa-Monona
USA;USA-Iowa-Monroe
USA;USA-Iowa-Montgomery
USA;USA-Iowa-Muscatine
USA;USA-Iowa-O'Brien
USA;USA-Iowa-Osceola
USA;USA-Iowa-Page
USA;USA-Iowa-Palo-Alto
USA;USA-Iowa-Plymouth
USA;USA-Iowa-Pocahontas
USA;USA-Iowa-Polk
USA;USA-Iowa-Pottawattamie
USA;USA-Iowa-Poweshiek
USA;USA-Iowa-Ringgold
USA;USA-Iowa-Sac
USA;USA-Iowa-Scott
USA;USA-Iowa-Shelby
USA;USA-Iowa-Sioux
USA;USA-Iowa-Story
USA;USA-Iowa-Tama
USA;USA-Iowa-Taylor
USA;USA-Iowa-Union
USA;USA-Iowa-Van-Buren
USA;USA-Iowa-Wapello
USA;USA-Iowa-Warren
USA;USA-Iowa-Washington
USA;USA-Iowa-Wayne
USA;USA-Iowa-Webster
USA;USA-Iowa-Winnebago
USA;USA-Iowa-Winneshiek
USA;USA-Iowa-Woodbury
USA;USA-Iowa-Worth
USA;USA-Iowa-Wright
USA;USA-Kansas-Allen
USA;USA-Kansas-Anderson
USA;USA-Kansas-Atchison
USA;USA-Kansas-Barber
USA;USA-Kansas-Barton
USA;USA-Kansas-Bourbon
USA;USA-Kansas-Brown
USA;USA-Kansas-Butler
USA;USA-Kansas-Chase
USA;USA-Kansas-Chautauqua
USA;USA-Kansas-Cherokee
USA;USA-Kansas-Cheyenne
USA;USA-Kansas-Clark
USA;USA-Kansas-Clay
USA;USA-Kansas-Cloud
USA;USA-Kansas-Coffey
USA;USA-Kansas-Comanche
USA;USA-Kansas-Cowley
USA;USA-Kansas-Crawford
USA;USA-Kansas-Decatur
USA;USA-Kansas-Dickinson
USA;USA-Kansas-Doniphan
USA;USA-Kansas-Douglas
USA;USA-Kansas-Edwards
USA;USA-Kansas-Elk
USA;USA-Kansas-Ellis
USA;USA-Kansas-Ellsworth
USA;USA-Kansas-Finney
USA;USA-Kansas-Ford
USA;USA-Kansas-Franklin
USA;USA-Kansas-Geary
USA;USA-Kansas-Gove
USA;USA-Kansas-Graham
USA;USA-Kansas-Grant
USA;USA-Kansas-Gray
USA;USA-Kansas-Greeley
USA;USA-Kansas-Greenwood
USA;USA-Kansas-Hamilton
USA;USA-Kansas-Harper
USA;USA-Kansas-Harvey
USA;USA-Kansas-Haskell
USA;USA-Kansas-Hodgeman
USA;USA-Kansas-Jackson
USA;USA-Kansas-Jefferson
USA;USA-Kansas-Jewell
USA;USA-Kansas-Johnson
USA;USA-Kansas-Kearny
USA;USA-Kansas-Kingman
USA;USA-Kansas-Kiowa
USA;USA-Kansas-Labette
USA;USA-Kansas-Lane
USA;USA-Kansas-Leavenworth
USA;USA-Kansas-Lincoln
USA;USA-Kansas-Linn
USA;USA-Kansas-Logan
USA;USA-Kansas-Lyon
USA;USA-Kansas-Marion
USA;USA-Kansas-Marshall
USA;USA-Kansas-McPherson
USA;USA-Kansas-Meade
USA;USA-Kansas-Miami
USA;USA-Kansas-Mitchell
USA;USA-Kansas-Montgomery
USA;USA-Kansas-Morris
USA;USA-Kansas-Morton
USA;USA-Kansas-Nemaha
USA;USA-Kansas-Neosho
USA;USA-Kansas-Ness
USA;USA-Kansas-Norton
USA;USA-Kansas-Osage
USA;USA-Kansas-Osborne
USA;USA-Kansas-Ottawa
USA;USA-Kansas-Pawnee
USA;USA-Kansas-Phillips
USA;USA-Kansas-Pottawatomie
USA;USA-Kansas-Pratt
USA;USA-Kansas-Rawlins
USA;USA-Kansas-Reno
USA;USA-Kansas-Republic
USA;USA-Kansas-Rice
USA;USA-Kansas-Riley
USA;USA-Kansas-Rooks
USA;USA-Kansas-Rush
USA;USA-Kansas-Russell
USA;USA-Kansas-Saline
USA;USA-Kansas-Scott
USA;USA-Kansas-Sedgwick
USA;USA-Kansas-Seward
USA;USA-Kansas-Shawnee
USA;USA-Kansas-Sheridan
USA;USA-Kansas-Sherman
USA;USA-Kansas-Smith
USA;USA-Kansas-Stafford
USA;USA-Kansas-Stanton
USA;USA-Kansas-Stevens
USA;USA-Kansas-Sumner
USA;USA-Kansas-Thomas
USA;USA-Kansas-Trego
USA;USA-Kansas-Wabaunsee
USA;USA-Kansas-Wallace
USA;USA-Kansas-Washington
USA;USA-Kansas-Wichita
USA;USA-Kansas-Wilson
USA;USA-Kansas-Woodson
USA;USA-Kansas-Wyandotte
USA;USA-Kentucky-Adair
USA;USA-Kentucky-Allen
USA;USA-Kentucky-Anderson
USA;USA-Kentucky-Ballard
USA;USA-Kentucky-Barren
USA;USA-Kentucky-Bath
USA;USA-Kentucky-Bell
USA;USA-Kentucky-Boone
USA;USA-Kentucky-Bourbon
USA;USA-Kentucky-Boyd
USA;USA-Kentucky-Boyle
USA;USA-Kentucky-Bracken
USA;USA-Kentucky-Breathitt
USA;USA-Kentucky-Breckinridge
USA;USA-Kentucky-Bullitt
USA;USA-Kentucky-Butler
USA;USA-Kentucky-Caldwell
USA;USA-Kentucky-Calloway
USA;USA-Kentucky-Campbell
USA;USA-Kentucky-Carlisle
USA;USA-Kentucky-Carroll
USA;USA-Kentucky-Carter
USA;USA-Kentucky-Casey
USA;USA-Kentucky-Christian
USA;USA-Kentucky-Clark
USA;USA-Kentucky-Clay
USA;USA-Kentucky-Clinton
USA;USA-Kentucky-Crittenden
USA;USA-Kentucky-Cumberland
USA;USA-Kentucky-Daviess
USA;USA-Kentucky-Edmonson
USA;USA-Kentucky-Elliott
USA;USA-Kentucky-Estill
USA;USA-Kentucky-Fayette
USA;USA-Kentucky-Fleming
USA;USA-Kentucky-Floyd
USA;USA-Kentucky-Franklin
USA;USA-Kentucky-Fulton
USA;USA-Kentucky-Gallatin
USA;USA-Kentucky-Garrard
USA;USA-Kentucky-Grant
USA;USA-Kentucky-Graves
USA;USA-Kentucky-Grayson
USA;USA-Kentucky-Green
USA;USA-Kentucky-Greenup
USA;USA-Kentucky-Hancock
USA;USA-Kentucky-Hardin
USA;USA-Kentucky-Harlan
USA;USA-Kentucky-Harrison
USA;USA-Kentucky-Hart
USA;USA-Kentucky-Henderson
USA;USA-Kentucky-Henry
USA;USA-Kentucky-Hickman
USA;USA-Kentucky-Hopkins
USA;USA-Kentucky-Jackson
USA;USA-Kentucky-Jefferson
USA;USA-Kentucky-Jessamine
USA;USA-Kentucky-Johnson
USA;USA-Kentucky-Kenton
USA;USA-Kentucky-Knott
USA;USA-Kentucky-Knox
USA;USA-Kentucky-Larue
USA;USA-Kentucky-Laurel
USA;USA-Kentucky-Lawrence
USA;USA-Kentucky-Lee
USA;USA-Kentucky-Leslie
USA;USA-Kentucky-Letcher
USA;USA-Kentucky-Lewis
USA;USA-Kentucky-Lincoln
USA;USA-Kentucky-Livingston
USA;USA-Kentucky-Logan
USA;USA-Kentucky-Lyon
USA;USA-Kentucky-Madison
USA;USA-Kentucky-Magoffin
USA;USA-Kentucky-Marion
USA;USA-Kentucky-Marshall
USA;USA-Kentucky-Martin
USA;USA-Kentucky-Mason
USA;USA-Kentucky-McCracken
USA;USA-Kentucky-McCreary
USA;USA-Kentucky-McLean
USA;USA-Kentucky-Meade
USA;USA-Kentucky-Menifee
USA;USA-Kentucky-Mercer
USA;USA-Kentucky-Metcalfe
USA;USA-Kentucky-Monroe
USA;USA-Kentucky-Montgomery
USA;USA-Kentucky-Morgan
USA;USA-Kentucky-Muhlenberg
USA;USA-Kentucky-Nelson
USA;USA-Kentucky-Nicholas
USA;USA-Kentucky-Ohio
USA;USA-Kentucky-Oldham
USA;USA-Kentucky-Owen
USA;USA-Kentucky-Owsley
USA;USA-Kentucky-Pendleton
USA;USA-Kentucky-Perry
USA;USA-Kentucky-Pike
USA;USA-Kentucky-Powell
USA;USA-Kentucky-Pulaski
USA;USA-Kentucky-Robertson
USA;USA-Kentucky-Rockcastle
USA;USA-Kentucky-Rowan
USA;USA-Kentucky-Russell
USA;USA-Kentucky-Scott
USA;USA-Kentucky-Shelby
USA;USA-Kentucky-Simpson
USA;USA-Kentucky-Spencer
USA;USA-Kentucky-Taylor
USA;USA-Kentucky-Todd
USA;USA-Kentucky-Trigg
USA;USA-Kentucky-Trimble
USA;USA-Kentucky-Union
USA;USA-Kentucky-Warren
USA;USA-Kentucky-Washington
USA;USA-Kentucky-Wayne
USA;USA-Kentucky-Webster
USA;USA-Kentucky-Whitley
USA;USA-Kentucky-Wolfe
USA;USA-Kentucky-Woodford
USA;USA-Louisiana-Acadia
USA;USA-Louisiana-Allen
USA;USA-Louisiana-Ascension
USA;USA-Louisiana-Assumption
USA;USA-Louisiana-Avoyelles
USA;USA-Louisiana-Beauregard
USA;USA-Louisiana-Bienville
USA;USA-Louisiana-Bossier
USA;USA-Louisiana-Caddo
USA;USA-Louisiana-Calcasieu
USA;USA-Louisiana-Caldwell
USA;USA-Louisiana-Cameron
USA;USA-Louisiana-Catahoula
USA;USA-Louisiana-Claiborne
USA;USA-Louisiana-Concordia
USA;USA-Louisiana-De-Soto
USA;USA-Louisiana-East-Baton-Rouge
USA;USA-Louisiana-East-Carroll
USA;USA-Louisiana-East-Feliciana
USA;USA-Louisiana-Evangeline
USA;USA-Louisiana-Franklin
USA;USA-Louisiana-Grant
USA;USA-Louisiana-Iberia
USA;USA-Louisiana-Iberville
USA;USA-Louisiana-Jackson
USA;USA-Louisiana-Jefferson
USA;USA-Louisiana-Jefferson-Davis
USA;USA-Louisiana-LaSalle
USA;USA-Louisiana-Lafayette
USA;USA-Louisiana-Lafourche
USA;USA-Louisiana-Lincoln
USA;USA-Louisiana-Livingston
USA;USA-Louisiana-Madison
USA;USA-Louisiana-Morehouse
USA;USA-Louisiana-Natchitoches
USA;USA-Louisiana-Orleans
USA;USA-Louisiana-Ouachita
USA;USA-Louisiana-Plaquemines
USA;USA-Louisiana-Pointe-Coupee
USA;USA-Louisiana-Rapides
USA;USA-Louisiana-Red-River
USA;USA-Louisiana-Richland
USA;USA-Louisiana-Sabine
USA;USA-Louisiana-St.-Bernard
USA;USA-Louisiana-St.-Charles
USA;USA-Louisiana-St.-Helena
USA;USA-Louisiana-St.-James
USA;USA-Louisiana-St.-John-the-Baptist
USA;USA-Louisiana-St.-Landry
USA;USA-Louisiana-St.-Martin
USA;USA-Louisiana-St.-Mary
USA;USA-Louisiana-St.-Tammany
USA;USA-Louisiana-Tangipahoa
USA;USA-Louisiana-Tensas
USA;USA-Louisiana-Terrebonne
USA;USA-Louisiana-Union
USA;USA-Louisiana-Vermilion
USA;USA-Louisiana-Vernon
USA;USA-Louisiana-Washington
USA;USA-Louisiana-Webster
USA;USA-Louisiana-West-Baton-Rouge
USA;USA-Louisiana-West-Carroll
USA;USA-Louisiana-West-Feliciana
USA;USA-Louisiana-Winn
USA;USA-Maine-Androscoggin
USA;USA-Maine-Aroostook
USA;USA-Maine-Cumberland
USA;USA-Maine-Franklin
USA;USA-Maine-Hancock
USA;USA-Maine-Kennebec
USA;USA-Maine-Knox
USA;USA-Maine-Lincoln
USA;USA-Maine-Oxford
USA;USA-Maine-Penobscot
USA;USA-Maine-Piscataquis
USA;USA-Maine-Sagadahoc
USA;USA-Maine-Somerset
USA;USA-Maine-Waldo
USA;USA-Maine-Washington
USA;USA-Maine-York
USA;USA-Maryland-Allegany
USA;USA-Maryland-Anne-Arundel
USA;USA-Maryland-Baltimore
USA;USA-Maryland-Baltimore-City
USA;USA-Maryland-Calvert
USA;USA-Maryland-Caroline
USA;USA-Maryland-Carroll
USA;USA-Maryland-Cecil
USA;USA-Maryland-Charles
USA;USA-Maryland-Dorchester
USA;USA-Maryland-Frederick
USA;USA-Maryland-Garrett
USA;USA-Maryland-Harford
USA;USA-Maryland-Howard
USA;USA-Maryland-Kent
USA;USA-Maryland-Montgomery
USA;USA-Maryland-Prince-George's
USA;USA-Maryland-Queen-Anne's
USA;USA-Maryland-Somerset
USA;USA-Maryland-St.-Mary's
USA;USA-Maryland-Talbot
USA;USA-Maryland-Washington
USA;USA-Maryland-Wicomico
USA;USA-Maryland-Worcester
USA;USA-Massachusetts-Barnstable
USA;USA-Massachusetts-Berkshire
USA;USA-Massachusetts-Bristol
USA;USA-Massachusetts-Dukes-and-Nantucket
USA;USA-Massachusetts-Essex
USA;USA-Massachusetts-Franklin
USA;USA-Massachusetts-Hampden
USA;USA-Massachusetts-Hampshire
USA;USA-Massachusetts-Middlesex
USA;USA-Massachusetts-Norfolk
USA;USA-Massachusetts-Plymouth
USA;USA-Massachusetts-Suffolk
USA;USA-Massachusetts-Worcester
USA;USA-Michigan-Alcona
USA;USA-Michigan-Alger
USA;USA-Michigan-Allegan
USA;USA-Michigan-Alpena
USA;USA-Michigan-Antrim
USA;USA-Michigan-Arenac
USA;USA-Michigan-Baraga
USA;USA-Michigan-Barry
USA;USA-Michigan-Bay
USA;USA-Michigan-Benzie
USA;USA-Michigan-Berrien
USA;USA-Michigan-Branch
USA;USA-Michigan-Calhoun
USA;USA-Michigan-Cass
USA;USA-Michigan-Charlevoix
USA;USA-Michigan-Cheboygan
USA;USA-Michigan-Chippewa
USA;USA-Michigan-Clare
USA;USA-Michigan-Clinton
USA;USA-Michigan-Crawford
USA;USA-Michigan-Delta
USA;USA-Michigan-Dickinson
USA;USA-Michigan-Eaton
USA;USA-Michigan-Emmet
USA;USA-Michigan-Genesee
USA;USA-Michigan-Gladwin
USA;USA-Michigan-Gogebic
USA;USA-Michigan-Grand-Traverse
USA;USA-Michigan-Gratiot
USA;USA-Michigan-Hillsdale
USA;USA-Michigan-Houghton
USA;USA-Michigan-Huron
USA;USA-Michigan-Ingham
USA;USA-Michigan-Ionia
USA;USA-Michigan-Iosco
USA;USA-Michigan-Iron
USA;USA-Michigan-Isabella
USA;USA-Michigan-Jackson
USA;USA-Michigan-Kalamazoo
USA;USA-Michigan-Kalkaska
USA;USA-Michigan-Kent
USA;USA-Michigan-Keweenaw
USA;USA-Michigan-Lake
USA;USA-Michigan-Lapeer
USA;USA-Michigan-Leelanau
USA;USA-Michigan-Lenawee
USA;USA-Michigan-Livingston
USA;USA-Michigan-Luce
USA;USA-Michigan-Mackinac
USA;USA-Michigan-Macomb
USA;USA-Michigan-Manistee
USA;USA-Michigan-Marquette
USA;USA-Michigan-Mason
USA;USA-Michigan-Mecosta
USA;USA-Michigan-Menominee
USA;USA-Michigan-Midland
USA;USA-Michigan-Missaukee
USA;USA-Michigan-Monroe
USA;USA-Michigan-Montcalm
USA;USA-Michigan-Montmorency
USA;USA-Michigan-Muskegon
USA;USA-Michigan-Newaygo
USA;USA-Michigan-Oakland
USA;USA-Michigan-Oceana
USA;USA-Michigan-Ogemaw
USA;USA-Michigan-Ontonagon
USA;USA-Michigan-Osceola
USA;USA-Michigan-Oscoda
USA;USA-Michigan-Otsego
USA;USA-Michigan-Ottawa
USA;USA-Michigan-Presque-Isle
USA;USA-Michigan-Roscommon
USA;USA-Michigan-Saginaw
USA;USA-Michigan-Sanilac
USA;USA-Michigan-Schoolcraft
USA;USA-Michigan-Shiawassee
USA;USA-Michigan-St.-Clair
USA;USA-Michigan-St.-Joseph
USA;USA-Michigan-Tuscola
USA;USA-Michigan-Van-Buren
USA;USA-Michigan-Washtenaw
USA;USA-Michigan-Wayne
USA;USA-Michigan-Wexford
USA;USA-Minnesota-Aitkin
USA;USA-Minnesota-Anoka
USA;USA-Minnesota-Becker
USA;USA-Minnesota-Beltrami
USA;USA-Minnesota-Benton
USA;USA-Minnesota-Big-Stone
USA;USA-Minnesota-Blue-Earth
USA;USA-Minnesota-Brown
USA;USA-Minnesota-Carlton
USA;USA-Minnesota-Carver
USA;USA-Minnesota-Cass
USA;USA-Minnesota-Chippewa
USA;USA-Minnesota-Chisago
USA;USA-Minnesota-Clay
USA;USA-Minnesota-Clearwater
USA;USA-Minnesota-Cook
USA;USA-Minnesota-Cottonwood
USA;USA-Minnesota-Crow-Wing
USA;USA-Minnesota-Dakota
USA;USA-Minnesota-Dodge
USA;USA-Minnesota-Douglas
USA;USA-Minnesota-Faribault
USA;USA-Minnesota-Fillmore
USA;USA-Minnesota-Freeborn
USA;USA-Minnesota-Goodhue
USA;USA-Minnesota-Grant
USA;USA-Minnesota-Hennepin
USA;USA-Minnesota-Houston
USA;USA-Minnesota-Hubbard
USA;USA-Minnesota-Isanti
USA;USA-Minnesota-Itasca
USA;USA-Minnesota-Jackson
USA;USA-Minnesota-Kanabec
USA;USA-Minnesota-Kandiyohi
USA;USA-Minnesota-Kittson
USA;USA-Minnesota-Koochiching
USA;USA-Minnesota-Lac-qui-Parle
USA;USA-Minnesota-Lake
USA;USA-Minnesota-Lake-of-the-Woods
USA;USA-Minnesota-Le-Sueur
USA;USA-Minnesota-Lincoln
USA;USA-Minnesota-Lyon
USA;USA-Minnesota-Mahnomen
USA;USA-Minnesota-Marshall
USA;USA-Minnesota-Martin
USA;USA-Minnesota-McLeod
USA;USA-Minnesota-Meeker
USA;USA-Minnesota-Mille-Lacs
USA;USA-Minnesota-Morrison
USA;USA-Minnesota-Mower
USA;USA-Minnesota-Murray
USA;USA-Minnesota-Nicollet
USA;USA-Minnesota-Nobles
USA;USA-Minnesota-Norman
USA;USA-Minnesota-Olmsted
USA;USA-Minnesota-Otter-Tail
USA;USA-Minnesota-Pennington
USA;USA-Minnesota-Pine
USA;USA-Minnesota-Pipestone
USA;USA-Minnesota-Polk
USA;USA-Minnesota-Pope
USA;USA-Minnesota-Ramsey
USA;USA-Minnesota-Red-Lake
USA;USA-Minnesota-Redwood
USA;USA-Minnesota-Renville
USA;USA-Minnesota-Rice
USA;USA-Minnesota-Rock
USA;USA-Minnesota-Roseau
USA;USA-Minnesota-Scott
USA;USA-Minnesota-Sherburne
USA;USA-Minnesota-Sibley
USA;USA-Minnesota-St.-Louis
USA;USA-Minnesota-Stearns
USA;USA-Minnesota-Steele
USA;USA-Minnesota-Stevens
USA;USA-Minnesota-Swift
USA;USA-Minnesota-Todd
USA;USA-Minnesota-Traverse
USA;USA-Minnesota-Wabasha
USA;USA-Minnesota-Wadena
USA;USA-Minnesota-Waseca
USA;USA-Minnesota-Washington
USA;USA-Minnesota-Watonwan
USA;USA-Minnesota-Wilkin
USA;USA-Minnesota-Winona
USA;USA-Minnesota-Wright
USA;USA-Minnesota-Yellow-Medicine
USA;USA-Mississippi-Adams
USA;USA-Mississippi-Alcorn
USA;USA-Mississippi-Amite
USA;USA-Mississippi-Attala
USA;USA-Mississippi-Benton
USA;USA-Mississippi-Bolivar
USA;USA-Mississippi-Calhoun
USA;USA-Mississippi-Carroll
USA;USA-Mississippi-Chickasaw
USA;USA-Mississippi-Choctaw
USA;USA-Mississippi-Claiborne
USA;USA-Mississippi-Clarke
USA;USA-Mississippi-Clay
USA;USA-Mississippi-Coahoma
USA;USA-Mississippi-Copiah
USA;USA-Mississippi-Covington
USA;USA-Mississippi-DeSoto
USA;USA-Mississippi-Forrest
USA;USA-Mississippi-Franklin
USA;USA-Mississippi-George
USA;USA-Mississippi-Greene
USA;USA-Mississippi-Grenada
USA;USA-Mississippi-Hancock
USA;USA-Mississippi-Harrison
USA;USA-Mississippi-Hinds
USA;USA-Mississippi-Holmes
USA;USA-Mississippi-Humphreys
USA;USA-Mississippi-Issaquena
USA;USA-Mississippi-Itawamba
USA;USA-Mississippi-Jackson
USA;USA-Mississippi-Jasper
USA;USA-Mississippi-Jefferson
USA;USA-Mississippi-Jefferson-Davis
USA;USA-Mississippi-Jones
USA;USA-Mississippi-Kemper
USA;USA-Mississippi-Lafayette
USA;USA-Mississippi-Lamar
USA;USA-Mississippi-Lauderdale
USA;USA-Mississippi-Lawrence
USA;USA-Mississippi-Leake
USA;USA-Mississippi-Lee
USA;USA-Mississippi-Leflore
USA;USA-Mississippi-Lincoln
USA;USA-Mississippi-Lowndes
USA;USA-Mississippi-Madison
USA;USA-Mississippi-Marion
USA;USA-Mississippi-Marshall
USA;USA-Mississippi-Monroe
USA;USA-Mississippi-Montgomery
USA;USA-Mississippi-Neshoba
USA;USA-Mississippi-Newton
USA;USA-Mississippi-Noxubee
USA;USA-Mississippi-Oktibbeha
USA;USA-Mississippi-Panola
USA;USA-Mississippi-Pearl-River
USA;USA-Mississippi-Perry
USA;USA-Mississippi-Pike
USA;USA-Mississippi-Pontotoc
USA;USA-Mississippi-Prentiss
USA;USA-Mississippi-Quitman
USA;USA-Mississippi-Rankin
USA;USA-Mississippi-Scott
USA;USA-Mississippi-Sharkey
USA;USA-Mississippi-Simpson
USA;USA-Mississippi-Smith
USA;USA-Mississippi-Stone
USA;USA-Mississippi-Sunflower
USA;USA-Mississippi-Tallahatchie
USA;USA-Mississippi-Tate
USA;USA-Mississippi-Tippah
USA;USA-Mississippi-Tishomingo
USA;USA-Mississippi-Tunica
USA;USA-Mississippi-Union
USA;USA-Mississippi-Walthall
USA;USA-Mississippi-Warren
USA;USA-Mississippi-Washington
USA;USA-Mississippi-Wayne
USA;USA-Mississippi-Webster
USA;USA-Mississippi-Wilkinson
USA;USA-Mississippi-Winston
USA;USA-Mississippi-Yalobusha
USA;USA-Mississippi-Yazoo
USA;USA-Missouri-Adair
USA;USA-Missouri-Andrew
USA;USA-Missouri-Atchison
USA;USA-Missouri-Audrain
USA;USA-Missouri-Barry
USA;USA-Missouri-Barton
USA;USA-Missouri-Bates
USA;USA-Missouri-Benton
USA;USA-Missouri-Bollinger
USA;USA-Missouri-Boone
USA;USA-Missouri-Buchanan
USA;USA-Missouri-Butler
USA;USA-Missouri-Caldwell
USA;USA-Missouri-Callaway
USA;USA-Missouri-Camden
USA;USA-Missouri-Cape-Girardeau
USA;USA-Missouri-Carroll
USA;USA-Missouri-Carter
USA;USA-Missouri-Cass
USA;USA-Missouri-Cedar
USA;USA-Missouri-Chariton
USA;USA-Missouri-Christian
USA;USA-Missouri-Clark
USA;USA-Missouri-Clay
USA;USA-Missouri-Clinton
USA;USA-Missouri-Cole
USA;USA-Missouri-Cooper
USA;USA-Missouri-Crawford
USA;USA-Missouri-Dade
USA;USA-Missouri-Dallas
USA;USA-Missouri-Daviess
USA;USA-Missouri-DeKalb
USA;USA-Missouri-Dent
USA;USA-Missouri-Douglas
USA;USA-Missouri-Dunklin
USA;USA-Missouri-Franklin
USA;USA-Missouri-Gasconade
USA;USA-Missouri-Gentry
USA;USA-Missouri-Greene
USA;USA-Missouri-Grundy
USA;USA-Missouri-Harrison
USA;USA-Missouri-Henry
USA;USA-Missouri-Hickory
USA;USA-Missouri-Holt
USA;USA-Missouri-Howard
USA;USA-Missouri-Howell
USA;USA-Missouri-Iron
USA;USA-Missouri-Jackson
USA;USA-Missouri-Jasper
USA;USA-Missouri-Jefferson
USA;USA-Missouri-Johnson
USA;USA-Missouri-Kansas-City
USA;USA-Missouri-Knox
USA;USA-Missouri-Laclede
USA;USA-Missouri-Lafayette
USA;USA-Missouri-Lawrence
USA;USA-Missouri-Lewis
USA;USA-Missouri-Lincoln
USA;USA-Missouri-Linn
USA;USA-Missouri-Livingston
USA;USA-Missouri-Macon
USA;USA-Missouri-Madison
USA;USA-Missouri-Maries
USA;USA-Missouri-Marion
USA;USA-Missouri-McDonald
USA;USA-Missouri-Mercer
USA;USA-Missouri-Miller
USA;USA-Missouri-Mississippi
USA;USA-Missouri-Moniteau
USA;USA-Missouri-Monroe
USA;USA-Missouri-Montgomery
USA;USA-Missouri-Morgan
USA;USA-Missouri-New-Madrid
USA;USA-Missouri-Newton
USA;USA-Missouri-Nodaway
USA;USA-Missouri-Oregon
USA;USA-Missouri-Osage
USA;USA-Missouri-Ozark
USA;USA-Missouri-Pemiscot
USA;USA-Missouri-Perry
USA;USA-Missouri-Pettis
USA;USA-Missouri-Phelps
USA;USA-Missouri-Pike
USA;USA-Missouri-Platte
USA;USA-Missouri-Polk
USA;USA-Missouri-Pulaski
USA;USA-Missouri-Putnam
USA;USA-Missouri-Ralls
USA;USA-Missouri-Randolph
USA;USA-Missouri-Ray
USA;USA-Missouri-Reynolds
USA;USA-Missouri-Ripley
USA;USA-Missouri-Saline
USA;USA-Missouri-Schuyler
USA;USA-Missouri-Scotland
USA;USA-Missouri-Scott
USA;USA-Missouri-Shannon
USA;USA-Missouri-Shelby
USA;USA-Missouri-St.-Charles
USA;USA-Missouri-St.-Clair
USA;USA-Missouri-St.-Francois
USA;USA-Missouri-St.-Louis
USA;USA-Missouri-St.-Louis-City
USA;USA-Missouri-Ste.-Genevieve
USA;USA-Missouri-Stoddard
USA;USA-Missouri-Stone
USA;USA-Missouri-Sullivan
USA;USA-Missouri-Taney
USA;USA-Missouri-Texas
USA;USA-Missouri-Vernon
USA;USA-Missouri-Warren
USA;USA-Missouri-Washington
USA;USA-Missouri-Wayne
USA;USA-Missouri-Webster
USA;USA-Missouri-Worth
USA;USA-Missouri-Wright
USA;USA-Montana-Beaverhead
USA;USA-Montana-Big-Horn
USA;USA-Montana-Blaine
USA;USA-Montana-Broadwater
USA;USA-Montana-Carbon
USA;USA-Montana-Carter
USA;USA-Montana-Cascade
USA;USA-Montana-Chouteau
USA;USA-Montana-Custer
USA;USA-Montana-Daniels
USA;USA-Montana-Dawson
USA;USA-Montana-Deer-Lodge
USA;USA-Montana-Fallon
USA;USA-Montana-Fergus
USA;USA-Montana-Flathead
USA;USA-Montana-Gallatin
USA;USA-Montana-Garfield
USA;USA-Montana-Glacier
USA;USA-Montana-Golden-Valley
USA;USA-Montana-Granite
USA;USA-Montana-Hill
USA;USA-Montana-Jefferson
USA;USA-Montana-Judith-Basin
USA;USA-Montana-Lake
USA;USA-Montana-Lewis-and-Clark
USA;USA-Montana-Liberty
USA;USA-Montana-Lincoln
USA;USA-Montana-Madison
USA;USA-Montana-McCone
USA;USA-Montana-Meagher
USA;USA-Montana-Mineral
USA;USA-Montana-Missoula
USA;USA-Montana-Musselshell
USA;USA-Montana-Park
USA;USA-Montana-Petroleum
USA;USA-Montana-Phillips
USA;USA-Montana-Pondera
USA;USA-Montana-Powder-River
USA;USA-Montana-Powell
USA;USA-Montana-Prairie
USA;USA-Montana-Ravalli
USA;USA-Montana-Richland
USA;USA-Montana-Roosevelt
USA;USA-Montana-Rosebud
USA;USA-Montana-Sanders
USA;USA-Montana-Sheridan
USA;USA-Montana-Silver-Bow
USA;USA-Montana-Stillwater
USA;USA-Montana-Sweet-Grass
USA;USA-Montana-Teton
USA;USA-Montana-Toole
USA;USA-Montana-Treasure
USA;USA-Montana-Valley
USA;USA-Montana-Wheatland
USA;USA-Montana-Wibaux
USA;USA-Montana-Yellowstone
USA;USA-Nebraska-Adams
USA;USA-Nebraska-Antelope
USA;USA-Nebraska-Arthur
USA;USA-Nebraska-Banner
USA;USA-Nebraska-Blaine
USA;USA-Nebraska-Boone
USA;USA-Nebraska-Box-Butte
USA;USA-Nebraska-Boyd
USA;USA-Nebraska-Brown
USA;USA-Nebraska-Buffalo
USA;USA-Nebraska-Burt
USA;USA-Nebraska-Butler
USA;USA-Nebraska-Cass
USA;USA-Nebraska-Cedar
USA;USA-Nebraska-Chase
USA;USA-Nebraska-Cherry
USA;USA-Nebraska-Cheyenne
USA;USA-Nebraska-Clay
USA;USA-Nebraska-Colfax
USA;USA-Nebraska-Cuming
USA;USA-Nebraska-Custer
USA;USA-Nebraska-Dakota
USA;USA-Nebraska-Dawes
USA;USA-Nebraska-Dawson
USA;USA-Nebraska-Deuel
USA;USA-Nebraska-Dixon
USA;USA-Nebraska-Dodge
USA;USA-Nebraska-Douglas
USA;USA-Nebraska-Dundy
USA;USA-Nebraska-Fillmore
USA;USA-Nebraska-Franklin
USA;USA-Nebraska-Frontier
USA;USA-Nebraska-Furnas
USA;USA-Nebraska-Gage
USA;USA-Nebraska-Garden
USA;USA-Nebraska-Garfield
USA;USA-Nebraska-Gosper
USA;USA-Nebraska-Grant
USA;USA-Nebraska-Greeley
USA;USA-Nebraska-Hall
USA;USA-Nebraska-Hamilton
USA;USA-Nebraska-Harlan
USA;USA-Nebraska-Hayes
USA;USA-Nebraska-Hitchcock
USA;USA-Nebraska-Holt
USA;USA-Nebraska-Hooker
USA;USA-Nebraska-Howard
USA;USA-Nebraska-Jefferson
USA;USA-Nebraska-Johnson
USA;USA-Nebraska-Kearney
USA;USA-Nebraska-Keith
USA;USA-Nebraska-Keya-Paha
USA;USA-Nebraska-Kimball
USA;USA-Nebraska-Knox
USA;USA-Nebraska-Lancaster
USA;USA-Nebraska-Lincoln
USA;USA-Nebraska-Logan
USA;USA-Nebraska-Loup
USA;USA-Nebraska-Madison
USA;USA-Nebraska-McPherson
USA;USA-Nebraska-Merrick
USA;USA-Nebraska-Morrill
USA;USA-Nebraska-Nance
USA;USA-Nebraska-Nemaha
USA;USA-Nebraska-Nuckolls
USA;USA-Nebraska-Otoe
USA;USA-Nebraska-Pawnee
USA;USA-Nebraska-Perkins
USA;USA-Nebraska-Phelps
USA;USA-Nebraska-Pierce
USA;USA-Nebraska-Platte
USA;USA-Nebraska-Polk
USA;USA-Nebraska-Red-Willow
USA;USA-Nebraska-Richardson
USA;USA-Nebraska-Rock
USA;USA-Nebraska-Saline
USA;USA-Nebraska-Sarpy
USA;USA-Nebraska-Saunders
USA;USA-Nebraska-Scotts-Bluff
USA;USA-Nebraska-Seward
USA;USA-Nebraska-Sheridan
USA;USA-Nebraska-Sherman
USA;USA-Nebraska-Sioux
USA;USA-Nebraska-Stanton
USA;USA-Nebraska-Thayer
USA;USA-Nebraska-Thomas
USA;USA-Nebraska-Thurston
USA;USA-Nebraska-Valley
USA;USA-Nebraska-Washington
USA;USA-Nebraska-Wayne
USA;USA-Nebraska-Webster
USA;USA-Nebraska-Wheeler
USA;USA-Nebraska-York
USA;USA-Nevada-Carson-City
USA;USA-Nevada-Churchill
USA;USA-Nevada-Clark
USA;USA-Nevada-Douglas
USA;USA-Nevada-Elko
USA;USA-Nevada-Esmeralda
USA;USA-Nevada-Eureka
USA;USA-Nevada-Humboldt
USA;USA-Nevada-Lander
USA;USA-Nevada-Lincoln
USA;USA-Nevada-Lyon
USA;USA-Nevada-Mineral
USA;USA-Nevada-Nye
USA;USA-Nevada-Pershing
USA;USA-Nevada-Storey
USA;USA-Nevada-Washoe
USA;USA-Nevada-White-Pine
USA;USA-New-Hampshire-Belknap
USA;USA-New-Hampshire-Carroll
USA;USA-New-Hampshire-Cheshire
USA;USA-New-Hampshire-Coos
USA;USA-New-Hampshire-Grafton
USA;USA-New-Hampshire-Hillsborough
USA;USA-New-Hampshire-Merrimack
USA;USA-New-Hampshire-Rockingham
USA;USA-New-Hampshire-Strafford
USA;USA-New-Hampshire-Sullivan
USA;USA-New-Jersey-Atlantic
USA;USA-New-Jersey-Bergen
USA;USA-New-Jersey-Burlington
USA;USA-New-Jersey-Camden
USA;USA-New-Jersey-Cape-May
USA;USA-New-Jersey-Cumberland
USA;USA-New-Jersey-Essex
USA;USA-New-Jersey-Gloucester
USA;USA-New-Jersey-Hudson
USA;USA-New-Jersey-Hunterdon
USA;USA-New-Jersey-Mercer
USA;USA-New-Jersey-Middlesex
USA;USA-New-Jersey-Monmouth
USA;USA-New-Jersey-Morris
USA;USA-New-Jersey-Ocean
USA;USA-New-Jersey-Passaic
USA;USA-New-Jersey-Salem
USA;USA-New-Jersey-Somerset
USA;USA-New-Jersey-Sussex
USA;USA-New-Jersey-Union
USA;USA-New-Jersey-Warren
USA;USA-New-Mexico-Bernalillo
USA;USA-New-Mexico-Catron
USA;USA-New-Mexico-Chaves
USA;USA-New-Mexico-Cibola
USA;USA-New-Mexico-Colfax
USA;USA-New-Mexico-Curry
USA;USA-New-Mexico-De-Baca
USA;USA-New-Mexico-Dona-Ana
USA;USA-New-Mexico-Eddy
USA;USA-New-Mexico-Grant
USA;USA-New-Mexico-Guadalupe
USA;USA-New-Mexico-Harding
USA;USA-New-Mexico-Hidalgo
USA;USA-New-Mexico-Lea
USA;USA-New-Mexico-Lincoln
USA;USA-New-Mexico-Los-Alamos
USA;USA-New-Mexico-Luna
USA;USA-New-Mexico-McKinley
USA;USA-New-Mexico-Mora
USA;USA-New-Mexico-Otero
USA;USA-New-Mexico-Quay
USA;USA-New-Mexico-Rio-Arriba
USA;USA-New-Mexico-Roosevelt
USA;USA-New-Mexico-San-Juan
USA;USA-New-Mexico-San-Miguel
USA;USA-New-Mexico-Sandoval
USA;USA-New-Mexico-Santa-Fe
USA;USA-New-Mexico-Sierra
USA;USA-New-Mexico-Socorro
USA;USA-New-Mexico-Taos
USA;USA-New-Mexico-Torrance
USA;USA-New-Mexico-Union
USA;USA-New-Mexico-Valencia
USA;USA-New-York-Albany
USA;USA-New-York-Allegany
USA;USA-New-York-Bronx
USA;USA-New-York-Broome
USA;USA-New-York-Cattaraugus
USA;USA-New-York-Cayuga
USA;USA-New-York-Chautauqua
USA;USA-New-York-Chemung
USA;USA-New-York-Chenango
USA;USA-New-York-Clinton
USA;USA-New-York-Columbia
USA;USA-New-York-Cortland
USA;USA-New-York-Delaware
USA;USA-New-York-Dutchess
USA;USA-New-York-Erie
USA;USA-New-York-Essex
USA;USA-New-York-Franklin
USA;USA-New-York-Fulton
USA;USA-New-York-Genesee
USA;USA-New-York-Greene
USA;USA-New-York-Hamilton
USA;USA-New-York-Herkimer
USA;USA-New-York-Jefferson
USA;USA-New-York-Kings
USA;USA-New-York-Lewis
USA;USA-New-York-Livingston
USA;USA-New-York-Madison
USA;USA-New-York-Monroe
USA;USA-New-York-Montgomery
USA;USA-New-York-Nassau
USA;USA-New-York-New-York
USA;USA-New-York-Niagara
USA;USA-New-York-Oneida
USA;USA-New-York-Onondaga
USA;USA-New-York-Ontario
USA;USA-New-York-Orange
USA;USA-New-York-Orleans
USA;USA-New-York-Oswego
USA;USA-New-York-Otsego
USA;USA-New-York-Putnam
USA;USA-New-York-Queens
USA;USA-New-York-Rensselaer
USA;USA-New-York-Richmond
USA;USA-New-York-Rockland
USA;USA-New-York-Saratoga
USA;USA-New-York-Schenectady
USA;USA-New-York-Schoharie
USA;USA-New-York-Schuyler
USA;USA-New-York-Seneca
USA;USA-New-York-St.-Lawrence
USA;USA-New-York-Steuben
USA;USA-New-York-Suffolk
USA;USA-New-York-Sullivan
USA;USA-New-York-Tioga
USA;USA-New-York-Tompkins
USA;USA-New-York-Ulster
USA;USA-New-York-Warren
USA;USA-New-York-Washington
USA;USA-New-York-Wayne
USA;USA-New-York-Westchester
USA;USA-New-York-Wyoming
USA;USA-New-York-Yates
USA;USA-North-Carolina-Alamance
USA;USA-North-Carolina-Alexander
USA;USA-North-Carolina-Alleghany
USA;USA-North-Carolina-Anson
USA;USA-North-Carolina-Ashe
USA;USA-North-Carolina-Avery
USA;USA-North-Carolina-Beaufort
USA;USA-North-Carolina-Bertie
USA;USA-North-Carolina-Bladen
USA;USA-North-Carolina-Brunswick
USA;USA-North-Carolina-Buncombe
USA;USA-North-Carolina-Burke
USA;USA-North-Carolina-Cabarrus
USA;USA-North-Carolina-Caldwell
USA;USA-North-Carolina-Camden
USA;USA-North-Carolina-Carteret
USA;USA-North-Carolina-Caswell
USA;USA-North-Carolina-Catawba
USA;USA-North-Carolina-Chatham
USA;USA-North-Carolina-Cherokee
USA;USA-North-Carolina-Chowan
USA;USA-North-Carolina-Clay
USA;USA-North-Carolina-Cleveland
USA;USA-North-Carolina-Columbus
USA;USA-North-Carolina-Craven
USA;USA-North-Carolina-Cumberland
USA;USA-North-Carolina-Currituck
USA;USA-North-Carolina-Dare
USA;USA-North-Carolina-Davidson
USA;USA-North-Carolina-Davie
USA;USA-North-Carolina-Duplin
USA;USA-North-Carolina-Durham
USA;USA-North-Carolina-Edgecombe
USA;USA-North-Carolina-Forsyth
USA;USA-North-Carolina-Franklin
USA;USA-North-Carolina-Gaston
USA;USA-North-Carolina-Gates
USA;USA-North-Carolina-Graham
USA;USA-North-Carolina-Granville
USA;USA-North-Carolina-Greene
USA;USA-North-Carolina-Guilford
USA;USA-North-Carolina-Halifax
USA;USA-North-Carolina-Harnett
USA;USA-North-Carolina-Haywood
USA;USA-North-Carolina-Henderson
USA;USA-North-Carolina-Hertford
USA;USA-North-Carolina-Hoke
USA;USA-North-Carolina-Hyde
USA;USA-North-Carolina-Iredell
USA;USA-North-Carolina-Jackson
USA;USA-North-Carolina-Johnston
USA;USA-North-Carolina-Jones
USA;USA-North-Carolina-Lee
USA;USA-North-Carolina-Lenoir
USA;USA-North-Carolina-Lincoln
USA;USA-North-Carolina-Macon
USA;USA-North-Carolina-Madison
USA;USA-North-Carolina-Martin
USA;USA-North-Carolina-McDowell
USA;USA-North-Carolina-Mecklenburg
USA;USA-North-Carolina-Mitchell
USA;USA-North-Carolina-Montgomery
USA;USA-North-Carolina-Moore
USA;USA-North-Carolina-Nash
USA;USA-North-Carolina-New-Hanover
USA;USA-North-Carolina-Northampton
USA;USA-North-Carolina-Onslow
USA;USA-North-Carolina-Orange
USA;USA-North-Carolina-Pamlico
USA;USA-North-Carolina-Pasquotank
USA;USA-North-Carolina-Pender
USA;USA-North-Carolina-Perquimans
USA;USA-North-Carolina-Person
USA;USA-North-Carolina-Pitt
USA;USA-North-Carolina-Polk
USA;USA-North-Carolina-Randolph
USA;USA-North-Carolina-Richmond
USA;USA-North-Carolina-Robeson
USA;USA-North-Carolina-Rockingham
USA;USA-North-Carolina-Rowan
USA;USA-North-Carolina-Rutherford
USA;USA-North-Carolina-Sampson
USA;USA-North-Carolina-Scotland
USA;USA-North-Carolina-Stanly
USA;USA-North-Carolina-Stokes
USA;USA-North-Carolina-Surry
USA;USA-North-Carolina-Swain
USA;USA-North-Carolina-Transylvania
USA;USA-North-Carolina-Tyrrell
USA;USA-North-Carolina-Union
USA;USA-North-Carolina-Vance
USA;USA-North-Carolina-Wake
USA;USA-North-Carolina-Warren
USA;USA-North-Carolina-Washington
USA;USA-North-Carolina-Watauga
USA;USA-North-Carolina-Wayne
USA;USA-North-Carolina-Wilkes
USA;USA-North-Carolina-Wilson
USA;USA-North-Carolina-Yadkin
USA;USA-North-Carolina-Yancey
USA;USA-North-Dakota-Adams
USA;USA-North-Dakota-Barnes
USA;USA-North-Dakota-Benson
USA;USA-North-Dakota-Billings
USA;USA-North-Dakota-Bottineau
USA;USA-North-Dakota-Bowman
USA;USA-North-Dakota-Burke
USA;USA-North-Dakota-Burleigh
USA;USA-North-Dakota-Cass
USA;USA-North-Dakota-Cavalier
USA;USA-North-Dakota-Dickey
USA;USA-North-Dakota-Divide
USA;USA-North-Dakota-Dunn
USA;USA-North-Dakota-Eddy
USA;USA-North-Dakota-Emmons
USA;USA-North-Dakota-Foster
USA;USA-North-Dakota-Golden-Valley
USA;USA-North-Dakota-Grand-Forks
USA;USA-North-Dakota-Grant
USA;USA-North-Dakota-Griggs
USA;USA-North-Dakota-Hettinger
USA;USA-North-Dakota-Kidder
USA;USA-North-Dakota-LaMoure
USA;USA-North-Dakota-Logan
USA;USA-North-Dakota-McHenry
USA;USA-North-Dakota-McIntosh
USA;USA-North-Dakota-McKenzie
USA;USA-North-Dakota-McLean
USA;USA-North-Dakota-Mercer
USA;USA-North-Dakota-Morton
USA;USA-North-Dakota-Mountrail
USA;USA-North-Dakota-Nelson
USA;USA-North-Dakota-Oliver
USA;USA-North-Dakota-Pembina
USA;USA-North-Dakota-Pierce
USA;USA-North-Dakota-Ramsey
USA;USA-North-Dakota-Ransom
USA;USA-North-Dakota-Renville
USA;USA-North-Dakota-Richland
USA;USA-North-Dakota-Rolette
USA;USA-North-Dakota-Sargent
USA;USA-North-Dakota-Sheridan
USA;USA-North-Dakota-Sioux
USA;USA-North-Dakota-Slope
USA;USA-North-Dakota-Stark
USA;USA-North-Dakota-Steele
USA;USA-North-Dakota-Stutsman
USA;USA-North-Dakota-Towner
USA;USA-North-Dakota-Traill
USA;USA-North-Dakota-Walsh
USA;USA-North-Dakota-Ward
USA;USA-North-Dakota-Wells
USA;USA-North-Dakota-Williams
USA;USA-Northern-Mariana-Islands
USA;USA-Ohio-Adams
USA;USA-Ohio-Allen
USA;USA-Ohio-Ashland
USA;USA-Ohio-Ashtabula
USA;USA-Ohio-Athens
USA;USA-Ohio-Auglaize
USA;USA-Ohio-Belmont
USA;USA-Ohio-Brown
USA;USA-Ohio-Butler
USA;USA-Ohio-Carroll
USA;USA-Ohio-Champaign
USA;USA-Ohio-Clark
USA;USA-Ohio-Clermont
USA;USA-Ohio-Clinton
USA;USA-Ohio-Columbiana
USA;USA-Ohio-Coshocton
USA;USA-Ohio-Crawford
USA;USA-Ohio-Cuyahoga
USA;USA-Ohio-Darke
USA;USA-Ohio-Defiance
USA;USA-Ohio-Delaware
USA;USA-Ohio-Erie
USA;USA-Ohio-Fairfield
USA;USA-Ohio-Fayette
USA;USA-Ohio-Franklin
USA;USA-Ohio-Fulton
USA;USA-Ohio-Gallia
USA;USA-Ohio-Geauga
USA;USA-Ohio-Greene
USA;USA-Ohio-Guernsey
USA;USA-Ohio-Hamilton
USA;USA-Ohio-Hancock
USA;USA-Ohio-Hardin
USA;USA-Ohio-Harrison
USA;USA-Ohio-Henry
USA;USA-Ohio-Highland
USA;USA-Ohio-Hocking
USA;USA-Ohio-Holmes
USA;USA-Ohio-Huron
USA;USA-Ohio-Jackson
USA;USA-Ohio-Jefferson
USA;USA-Ohio-Knox
USA;USA-Ohio-Lake
USA;USA-Ohio-Lawrence
USA;USA-Ohio-Licking
USA;USA-Ohio-Logan
USA;USA-Ohio-Lorain
USA;USA-Ohio-Lucas
USA;USA-Ohio-Madison
USA;USA-Ohio-Mahoning
USA;USA-Ohio-Marion
USA;USA-Ohio-Medina
USA;USA-Ohio-Meigs
USA;USA-Ohio-Mercer
USA;USA-Ohio-Miami
USA;USA-Ohio-Monroe
USA;USA-Ohio-Montgomery
USA;USA-Ohio-Morgan
USA;USA-Ohio-Morrow
USA;USA-Ohio-Muskingum
USA;USA-Ohio-Noble
USA;USA-Ohio-Ottawa
USA;USA-Ohio-Paulding
USA;USA-Ohio-Perry
USA;USA-Ohio-Pickaway
USA;USA-Ohio-Pike
USA;USA-Ohio-Portage
USA;USA-Ohio-Preble
USA;USA-Ohio-Putnam
USA;USA-Ohio-Richland
USA;USA-Ohio-Ross
USA;USA-Ohio-Sandusky
USA;USA-Ohio-Scioto
USA;USA-Ohio-Seneca
USA;USA-Ohio-Shelby
USA;USA-Ohio-Stark
USA;USA-Ohio-Summit
USA;USA-Ohio-Trumbull
USA;USA-Ohio-Tuscarawas
USA;USA-Ohio-Union
USA;USA-Ohio-Van-Wert
USA;USA-Ohio-Vinton
USA;USA-Ohio-Warren
USA;USA-Ohio-Washington
USA;USA-Ohio-Wayne
USA;USA-Ohio-Williams
USA;USA-Ohio-Wood
USA;USA-Ohio-Wyandot
USA;USA-Oklahoma-Adair
USA;USA-Oklahoma-Alfalfa
USA;USA-Oklahoma-Atoka
USA;USA-Oklahoma-Beaver
USA;USA-Oklahoma-Beckham
USA;USA-Oklahoma-Blaine
USA;USA-Oklahoma-Bryan
USA;USA-Oklahoma-Caddo
USA;USA-Oklahoma-Canadian
USA;USA-Oklahoma-Carter
USA;USA-Oklahoma-Cherokee
USA;USA-Oklahoma-Choctaw
USA;USA-Oklahoma-Cimarron
USA;USA-Oklahoma-Cleveland
USA;USA-Oklahoma-Coal
USA;USA-Oklahoma-Comanche
USA;USA-Oklahoma-Cotton
USA;USA-Oklahoma-Craig
USA;USA-Oklahoma-Creek
USA;USA-Oklahoma-Custer
USA;USA-Oklahoma-Delaware
USA;USA-Oklahoma-Dewey
USA;USA-Oklahoma-Ellis
USA;USA-Oklahoma-Garfield
USA;USA-Oklahoma-Garvin
USA;USA-Oklahoma-Grady
USA;USA-Oklahoma-Grant
USA;USA-Oklahoma-Greer
USA;USA-Oklahoma-Harmon
USA;USA-Oklahoma-Harper
USA;USA-Oklahoma-Haskell
USA;USA-Oklahoma-Hughes
USA;USA-Oklahoma-Jackson
USA;USA-Oklahoma-Jefferson
USA;USA-Oklahoma-Johnston
USA;USA-Oklahoma-Kay
USA;USA-Oklahoma-Kingfisher
USA;USA-Oklahoma-Kiowa
USA;USA-Oklahoma-Latimer
USA;USA-Oklahoma-Le-Flore
USA;USA-Oklahoma-Lincoln
USA;USA-Oklahoma-Logan
USA;USA-Oklahoma-Love
USA;USA-Oklahoma-Major
USA;USA-Oklahoma-Marshall
USA;USA-Oklahoma-Mayes
USA;USA-Oklahoma-McClain
USA;USA-Oklahoma-McCurtain
USA;USA-Oklahoma-McIntosh
USA;USA-Oklahoma-Murray
USA;USA-Oklahoma-Muskogee
USA;USA-Oklahoma-Noble
USA;USA-Oklahoma-Nowata
USA;USA-Oklahoma-Okfuskee
USA;USA-Oklahoma-Oklahoma
USA;USA-Oklahoma-Okmulgee
USA;USA-Oklahoma-Osage
USA;USA-Oklahoma-Ottawa
USA;USA-Oklahoma-Pawnee
USA;USA-Oklahoma-Payne
USA;USA-Oklahoma-Pittsburg
USA;USA-Oklahoma-Pontotoc
USA;USA-Oklahoma-Pottawatomie
USA;USA-Oklahoma-Pushmataha
USA;USA-Oklahoma-Roger-Mills
USA;USA-Oklahoma-Rogers
USA;USA-Oklahoma-Seminole
USA;USA-Oklahoma-Sequoyah
USA;USA-Oklahoma-Stephens
USA;USA-Oklahoma-Texas
USA;USA-Oklahoma-Tillman
USA;USA-Oklahoma-Tulsa
USA;USA-Oklahoma-Wagoner
USA;USA-Oklahoma-Washington
USA;USA-Oklahoma-Washita
USA;USA-Oklahoma-Woods
USA;USA-Oklahoma-Woodward
USA;USA-Oregon-Baker
USA;USA-Oregon-Benton
USA;USA-Oregon-Clackamas
USA;USA-Oregon-Clatsop
USA;USA-Oregon-Columbia
USA;USA-Oregon-Coos
USA;USA-Oregon-Crook
USA;USA-Oregon-Curry
USA;USA-Oregon-Deschutes
USA;USA-Oregon-Douglas
USA;USA-Oregon-Gilliam
USA;USA-Oregon-Grant
USA;USA-Oregon-Harney
USA;USA-Oregon-Hood-River
USA;USA-Oregon-Jackson
USA;USA-Oregon-Jefferson
USA;USA-Oregon-Josephine
USA;USA-Oregon-Klamath
USA;USA-Oregon-Lake
USA;USA-Oregon-Lane
USA;USA-Oregon-Lincoln
USA;USA-Oregon-Linn
USA;USA-Oregon-Malheur
USA;USA-Oregon-Marion
USA;USA-Oregon-Morrow
USA;USA-Oregon-Multnomah
USA;USA-Oregon-Polk
USA;USA-Oregon-Sherman
USA;USA-Oregon-Tillamook
USA;USA-Oregon-Umatilla
USA;USA-Oregon-Union
USA;USA-Oregon-Wallowa
USA;USA-Oregon-Wasco
USA;USA-Oregon-Washington
USA;USA-Oregon-Wheeler
USA;USA-Oregon-Yamhill
USA;USA-Pennsylvania-Adams
USA;USA-Pennsylvania-Allegheny
USA;USA-Pennsylvania-Armstrong
USA;USA-Pennsylvania-Beaver
USA;USA-Pennsylvania-Bedford
USA;USA-Pennsylvania-Berks
USA;USA-Pennsylvania-Blair
USA;USA-Pennsylvania-Bradford
USA;USA-Pennsylvania-Bucks
USA;USA-Pennsylvania-Butler
USA;USA-Pennsylvania-Cambria
USA;USA-Pennsylvania-Cameron
USA;USA-Pennsylvania-Carbon
USA;USA-Pennsylvania-Centre
USA;USA-Pennsylvania-Chester
USA;USA-Pennsylvania-Clarion
USA;USA-Pennsylvania-Clearfield
USA;USA-Pennsylvania-Clinton
USA;USA-Pennsylvania-Columbia
USA;USA-Pennsylvania-Crawford
USA;USA-Pennsylvania-Cumberland
USA;USA-Pennsylvania-Dauphin
USA;USA-Pennsylvania-Delaware
USA;USA-Pennsylvania-Elk
USA;USA-Pennsylvania-Erie
USA;USA-Pennsylvania-Fayette
USA;USA-Pennsylvania-Forest
USA;USA-Pennsylvania-Franklin
USA;USA-Pennsylvania-Fulton
USA;USA-Pennsylvania-Greene
USA;USA-Pennsylvania-Huntingdon
USA;USA-Pennsylvania-Indiana
USA;USA-Pennsylvania-Jefferson
USA;USA-Pennsylvania-Juniata
USA;USA-Pennsylvania-Lackawanna
USA;USA-Pennsylvania-Lancaster
USA;USA-Pennsylvania-Lawrence
USA;USA-Pennsylvania-Lebanon
USA;USA-Pennsylvania-Lehigh
USA;USA-Pennsylvania-Luzerne
USA;USA-Pennsylvania-Lycoming
USA;USA-Pennsylvania-McKean
USA;USA-Pennsylvania-Mercer
USA;USA-Pennsylvania-Mifflin
USA;USA-Pennsylvania-Monroe
USA;USA-Pennsylvania-Montgomery
USA;USA-Pennsylvania-Montour
USA;USA-Pennsylvania-Northampton
USA;USA-Pennsylvania-Northumberland
USA;USA-Pennsylvania-Perry
USA;USA-Pennsylvania-Philadelphia
USA;USA-Pennsylvania-Pike
USA;USA-Pennsylvania-Potter
USA;USA-Pennsylvania-Schuylkill
USA;USA-Pennsylvania-Snyder
USA;USA-Pennsylvania-Somerset
USA;USA-Pennsylvania-Sullivan
USA;USA-Pennsylvania-Susquehanna
USA;USA-Pennsylvania-Tioga
USA;USA-Pennsylvania-Union
USA;USA-Pennsylvania-Venango
USA;USA-Pennsylvania-Warren
USA;USA-Pennsylvania-Washington
USA;USA-Pennsylvania-Wayne
USA;USA-Pennsylvania-Westmoreland
USA;USA-Pennsylvania-Wyoming
USA;USA-Pennsylvania-York
USA;USA-Puerto-Rico-Adjuntas
USA;USA-Puerto-Rico-Aguada
USA;USA-Puerto-Rico-Aguadilla
USA;USA-Puerto-Rico-Aguas-Buenas
USA;USA-Puerto-Rico-Aibonito
USA;USA-Puerto-Rico-Anasco
USA;USA-Puerto-Rico-Arecibo
USA;USA-Puerto-Rico-Arroyo
USA;USA-Puerto-Rico-Barceloneta
USA;USA-Puerto-Rico-Barranquitas
USA;USA-Puerto-Rico-Bayamon
USA;USA-Puerto-Rico-Cabo-Rojo
USA;USA-Puerto-Rico-Caguas
USA;USA-Puerto-Rico-Camuy
USA;USA-Puerto-Rico-Canovanas
USA;USA-Puerto-Rico-Carolina
USA;USA-Puerto-Rico-Catano
USA;USA-Puerto-Rico-Cayey
USA;USA-Puerto-Rico-Ceiba
USA;USA-Puerto-Rico-Ciales
USA;USA-Puerto-Rico-Cidra
USA;USA-Puerto-Rico-Coamo
USA;USA-Puerto-Rico-Comerio
USA;USA-Puerto-Rico-Corozal
USA;USA-Puerto-Rico-Culebra
USA;USA-Puerto-Rico-Dorado
USA;USA-Puerto-Rico-Fajardo
USA;USA-Puerto-Rico-Florida
USA;USA-Puerto-Rico-Guanica
USA;USA-Puerto-Rico-Guayama
USA;USA-Puerto-Rico-Guayanilla
USA;USA-Puerto-Rico-Guaynabo
USA;USA-Puerto-Rico-Gurabo
USA;USA-Puerto-Rico-Hatillo
USA;USA-Puerto-Rico-Hormigueros
USA;USA-Puerto-Rico-Humacao
USA;USA-Puerto-Rico-Isabela
USA;USA-Puerto-Rico-Jayuya
USA;USA-Puerto-Rico-Juana-Diaz
USA;USA-Puerto-Rico-Juncos
USA;USA-Puerto-Rico-Lajas
USA;USA-Puerto-Rico-Lares
USA;USA-Puerto-Rico-Las-Marias
USA;USA-Puerto-Rico-Las-Piedras
USA;USA-Puerto-Rico-Loiza
USA;USA-Puerto-Rico-Luquillo
USA;USA-Puerto-Rico-Manati
USA;USA-Puerto-Rico-Maricao
USA;USA-Puerto-Rico-Maunabo
USA;USA-Puerto-Rico-Mayaguez
USA;USA-Puerto-Rico-Moca
USA;USA-Puerto-Rico-Morovis
USA;USA-Puerto-Rico-Naguabo
USA;USA-Puerto-Rico-Naranjito
USA;USA-Puerto-Rico-Orocovis
USA;USA-Puerto-Rico-Patillas
USA;USA-Puerto-Rico-Penuelas
USA;USA-Puerto-Rico-Ponce
USA;USA-Puerto-Rico-Quebradillas
USA;USA-Puerto-Rico-Rincon
USA;USA-Puerto-Rico-Rio-Grande
USA;USA-Puerto-Rico-Sabana-Grande
USA;USA-Puerto-Rico-Salinas
USA;USA-Puerto-Rico-San-German
USA;USA-Puerto-Rico-San-Juan
USA;USA-Puerto-Rico-San-Lorenzo
USA;USA-Puerto-Rico-San-Sebastian
USA;USA-Puerto-Rico-Santa-Isabel
USA;USA-Puerto-Rico-Toa-Alta
USA;USA-Puerto-Rico-Toa-Baja
USA;USA-Puerto-Rico-Trujillo-Alto
USA;USA-Puerto-Rico-Utuado
USA;USA-Puerto-Rico-Vega-Alta
USA;USA-Puerto-Rico-Vega-Baja
USA;USA-Puerto-Rico-Vieques
USA;USA-Puerto-Rico-Villalba
USA;USA-Puerto-Rico-Yabucoa
USA;USA-Puerto-Rico-Yauco
USA;USA-Rhode-Island-Bristol
USA;USA-Rhode-Island-Kent
USA;USA-Rhode-Island-Newport
USA;USA-Rhode-Island-Providence
USA;USA-Rhode-Island-Washington
USA;USA-South-Carolina-Abbeville
USA;USA-South-Carolina-Aiken
USA;USA-South-Carolina-Allendale
USA;USA-South-Carolina-Anderson
USA;USA-South-Carolina-Bamberg
USA;USA-South-Carolina-Barnwell
USA;USA-South-Carolina-Beaufort
USA;USA-South-Carolina-Berkeley
USA;USA-South-Carolina-Calhoun
USA;USA-South-Carolina-Charleston
USA;USA-South-Carolina-Cherokee
USA;USA-South-Carolina-Chester
USA;USA-South-Carolina-Chesterfield
USA;USA-South-Carolina-Clarendon
USA;USA-South-Carolina-Colleton
USA;USA-South-Carolina-Darlington
USA;USA-South-Carolina-Dillon
USA;USA-South-Carolina-Dorchester
USA;USA-South-Carolina-Edgefield
USA;USA-South-Carolina-Fairfield
USA;USA-South-Carolina-Florence
USA;USA-South-Carolina-Georgetown
USA;USA-South-Carolina-Greenville
USA;USA-South-Carolina-Greenwood
USA;USA-South-Carolina-Hampton
USA;USA-South-Carolina-Horry
USA;USA-South-Carolina-Jasper
USA;USA-South-Carolina-Kershaw
USA;USA-South-Carolina-Lancaster
USA;USA-South-Carolina-Laurens
USA;USA-South-Carolina-Lee
USA;USA-South-Carolina-Lexington
USA;USA-South-Carolina-Marion
USA;USA-South-Carolina-Marlboro
USA;USA-South-Carolina-McCormick
USA;USA-South-Carolina-Newberry
USA;USA-South-Carolina-Oconee
USA;USA-South-Carolina-Orangeburg
USA;USA-South-Carolina-Pickens
USA;USA-South-Carolina-Richland
USA;USA-South-Carolina-Saluda
USA;USA-South-Carolina-Spartanburg
USA;USA-South-Carolina-Sumter
USA;USA-South-Carolina-Union
USA;USA-South-Carolina-Williamsburg
USA;USA-South-Carolina-York
USA;USA-South-Dakota-Aurora
USA;USA-South-Dakota-Beadle
USA;USA-South-Dakota-Bennett
USA;USA-South-Dakota-Bon-Homme
USA;USA-South-Dakota-Brookings
USA;USA-South-Dakota-Brown
USA;USA-South-Dakota-Brule
USA;USA-South-Dakota-Buffalo
USA;USA-South-Dakota-Butte
USA;USA-South-Dakota-Campbell
USA;USA-South-Dakota-Charles-Mix
USA;USA-South-Dakota-Clark
USA;USA-South-Dakota-Clay
USA;USA-South-Dakota-Codington
USA;USA-South-Dakota-Corson
USA;USA-South-Dakota-Custer
USA;USA-South-Dakota-Davison
USA;USA-South-Dakota-Day
USA;USA-South-Dakota-Deuel
USA;USA-South-Dakota-Dewey
USA;USA-South-Dakota-Douglas
USA;USA-South-Dakota-Edmunds
USA;USA-South-Dakota-Fall-River
USA;USA-South-Dakota-Faulk
USA;USA-South-Dakota-Grant
USA;USA-South-Dakota-Gregory
USA;USA-South-Dakota-Haakon
USA;USA-South-Dakota-Hamlin
USA;USA-South-Dakota-Hand
USA;USA-South-Dakota-Hanson
USA;USA-South-Dakota-Harding
USA;USA-South-Dakota-Hughes
USA;USA-South-Dakota-Hutchinson
USA;USA-South-Dakota-Hyde
USA;USA-South-Dakota-Jackson
USA;USA-South-Dakota-Jerauld
USA;USA-South-Dakota-Jones
USA;USA-South-Dakota-Kingsbury
USA;USA-South-Dakota-Lake
USA;USA-South-Dakota-Lawrence
USA;USA-South-Dakota-Lincoln
USA;USA-South-Dakota-Lyman
USA;USA-South-Dakota-Marshall
USA;USA-South-Dakota-McCook
USA;USA-South-Dakota-McPherson
USA;USA-South-Dakota-Meade
USA;USA-South-Dakota-Mellette
USA;USA-South-Dakota-Miner
USA;USA-South-Dakota-Minnehaha
USA;USA-South-Dakota-Moody
USA;USA-South-Dakota-Oglala-Lakota
USA;USA-South-Dakota-Pennington
USA;USA-South-Dakota-Perkins
USA;USA-South-Dakota-Potter
USA;USA-South-Dakota-Roberts
USA;USA-South-Dakota-Sanborn
USA;USA-South-Dakota-Spink
USA;USA-South-Dakota-Stanley
USA;USA-South-Dakota-Sully
USA;USA-South-Dakota-Todd
USA;USA-South-Dakota-Tripp
USA;USA-South-Dakota-Turner
USA;USA-South-Dakota-Union
USA;USA-South-Dakota-Walworth
USA;USA-South-Dakota-Yankton
USA;USA-South-Dakota-Ziebach
USA;USA-Tennessee-Anderson
USA;USA-Tennessee-Bedford
USA;USA-Tennessee-Benton
USA;USA-Tennessee-Bledsoe
USA;USA-Tennessee-Blount
USA;USA-Tennessee-Bradley
USA;USA-Tennessee-Campbell
USA;USA-Tennessee-Cannon
USA;USA-Tennessee-Carroll
USA;USA-Tennessee-Carter
USA;USA-Tennessee-Cheatham
USA;USA-Tennessee-Chester
USA;USA-Tennessee-Claiborne
USA;USA-Tennessee-Clay
USA;USA-Tennessee-Cocke
USA;USA-Tennessee-Coffee
USA;USA-Tennessee-Crockett
USA;USA-Tennessee-Cumberland
USA;USA-Tennessee-Davidson
USA;USA-Tennessee-DeKalb
USA;USA-Tennessee-Decatur
USA;USA-Tennessee-Dickson
USA;USA-Tennessee-Dyer
USA;USA-Tennessee-Fayette
USA;USA-Tennessee-Fentress
USA;USA-Tennessee-Franklin
USA;USA-Tennessee-Gibson
USA;USA-Tennessee-Giles
USA;USA-Tennessee-Grainger
USA;USA-Tennessee-Greene
USA;USA-Tennessee-Grundy
USA;USA-Tennessee-Hamblen
USA;USA-Tennessee-Hamilton
USA;USA-Tennessee-Hancock
USA;USA-Tennessee-Hardeman
USA;USA-Tennessee-Hardin
USA;USA-Tennessee-Hawkins
USA;USA-Tennessee-Haywood
USA;USA-Tennessee-Henderson
USA;USA-Tennessee-Henry
USA;USA-Tennessee-Hickman
USA;USA-Tennessee-Houston
USA;USA-Tennessee-Humphreys
USA;USA-Tennessee-Jackson
USA;USA-Tennessee-Jefferson
USA;USA-Tennessee-Johnson
USA;USA-Tennessee-Knox
USA;USA-Tennessee-Lake
USA;USA-Tennessee-Lauderdale
USA;USA-Tennessee-Lawrence
USA;USA-Tennessee-Lewis
USA;USA-Tennessee-Lincoln
USA;USA-Tennessee-Loudon
USA;USA-Tennessee-Macon
USA;USA-Tennessee-Madison
USA;USA-Tennessee-Marion
USA;USA-Tennessee-Marshall
USA;USA-Tennessee-Maury
USA;USA-Tennessee-McMinn
USA;USA-Tennessee-McNairy
USA;USA-Tennessee-Meigs
USA;USA-Tennessee-Monroe
USA;USA-Tennessee-Montgomery
USA;USA-Tennessee-Moore
USA;USA-Tennessee-Morgan
USA;USA-Tennessee-Obion
USA;USA-Tennessee-Overton
USA;USA-Tennessee-Perry
USA;USA-Tennessee-Pickett
USA;USA-Tennessee-Polk
USA;USA-Tennessee-Putnam
USA;USA-Tennessee-Rhea
USA;USA-Tennessee-Roane
USA;USA-Tennessee-Robertson
USA;USA-Tennessee-Rutherford
USA;USA-Tennessee-Scott
USA;USA-Tennessee-Sequatchie
USA;USA-Tennessee-Sevier
USA;USA-Tennessee-Shelby
USA;USA-Tennessee-Smith
USA;USA-Tennessee-Stewart
USA;USA-Tennessee-Sullivan
USA;USA-Tennessee-Sumner
USA;USA-Tennessee-Tipton
USA;USA-Tennessee-Trousdale
USA;USA-Tennessee-Unicoi
USA;USA-Tennessee-Union
USA;USA-Tennessee-Van-Buren
USA;USA-Tennessee-Warren
USA;USA-Tennessee-Washington
USA;USA-Tennessee-Wayne
USA;USA-Tennessee-Weakley
USA;USA-Tennessee-White
USA;USA-Tennessee-Williamson
USA;USA-Tennessee-Wilson
USA;USA-Texas-Anderson
USA;USA-Texas-Andrews
USA;USA-Texas-Angelina
USA;USA-Texas-Aransas
USA;USA-Texas-Archer
USA;USA-Texas-Armstrong
USA;USA-Texas-Atascosa
USA;USA-Texas-Austin
USA;USA-Texas-Bailey
USA;USA-Texas-Bandera
USA;USA-Texas-Bastrop
USA;USA-Texas-Baylor
USA;USA-Texas-Bee
USA;USA-Texas-Bell
USA;USA-Texas-Bexar
USA;USA-Texas-Blanco
USA;USA-Texas-Borden
USA;USA-Texas-Bosque
USA;USA-Texas-Bowie
USA;USA-Texas-Brazoria
USA;USA-Texas-Brazos
USA;USA-Texas-Brewster
USA;USA-Texas-Briscoe
USA;USA-Texas-Brooks
USA;USA-Texas-Brown
USA;USA-Texas-Burleson
USA;USA-Texas-Burnet
USA;USA-Texas-Caldwell
USA;USA-Texas-Calhoun
USA;USA-Texas-Callahan
USA;USA-Texas-Cameron
USA;USA-Texas-Camp
USA;USA-Texas-Carson
USA;USA-Texas-Cass
USA;USA-Texas-Castro
USA;USA-Texas-Chambers
USA;USA-Texas-Cherokee
USA;USA-Texas-Childress
USA;USA-Texas-Clay
USA;USA-Texas-Cochran
USA;USA-Texas-Coke
USA;USA-Texas-Coleman
USA;USA-Texas-Collin
USA;USA-Texas-Collingsworth
USA;USA-Texas-Colorado
USA;USA-Texas-Comal
USA;USA-Texas-Comanche
USA;USA-Texas-Concho
USA;USA-Texas-Cooke
USA;USA-Texas-Coryell
USA;USA-Texas-Cottle
USA;USA-Texas-Crane
USA;USA-Texas-Crockett
USA;USA-Texas-Crosby
USA;USA-Texas-Culberson
USA;USA-Texas-Dallam
USA;USA-Texas-Dallas
USA;USA-Texas-Dawson
USA;USA-Texas-DeWitt
USA;USA-Texas-Deaf-Smith
USA;USA-Texas-Delta
USA;USA-Texas-Denton
USA;USA-Texas-Dickens
USA;USA-Texas-Dimmit
USA;USA-Texas-Donley
USA;USA-Texas-Duval
USA;USA-Texas-Eastland
USA;USA-Texas-Ector
USA;USA-Texas-Edwards
USA;USA-Texas-El-Paso
USA;USA-Texas-Ellis
USA;USA-Texas-Erath
USA;USA-Texas-Falls
USA;USA-Texas-Fannin
USA;USA-Texas-Fayette
USA;USA-Texas-Fisher
USA;USA-Texas-Floyd
USA;USA-Texas-Foard
USA;USA-Texas-Fort-Bend
USA;USA-Texas-Franklin
USA;USA-Texas-Freestone
USA;USA-Texas-Frio
USA;USA-Texas-Gaines
USA;USA-Texas-Galveston
USA;USA-Texas-Garza
USA;USA-Texas-Gillespie
USA;USA-Texas-Glasscock
USA;USA-Texas-Goliad
USA;USA-Texas-Gonzales
USA;USA-Texas-Gray
USA;USA-Texas-Grayson
USA;USA-Texas-Gregg
USA;USA-Texas-Grimes
USA;USA-Texas-Guadalupe
USA;USA-Texas-Hale
USA;USA-Texas-Hall
USA;USA-Texas-Hamilton
USA;USA-Texas-Hansford
USA;USA-Texas-Hardeman
USA;USA-Texas-Hardin
USA;USA-Texas-Harris
USA;USA-Texas-Harrison
USA;USA-Texas-Hartley
USA;USA-Texas-Haskell
USA;USA-Texas-Hays
USA;USA-Texas-Hemphill
USA;USA-Texas-Henderson
USA;USA-Texas-Hidalgo
USA;USA-Texas-Hill
USA;USA-Texas-Hockley
USA;USA-Texas-Hood
USA;USA-Texas-Hopkins
USA;USA-Texas-Houston
USA;USA-Texas-Howard
USA;USA-Texas-Hudspeth
USA;USA-Texas-Hunt
USA;USA-Texas-Hutchinson
USA;USA-Texas-Irion
USA;USA-Texas-Jack
USA;USA-Texas-Jackson
USA;USA-Texas-Jasper
USA;USA-Texas-Jeff-Davis
USA;USA-Texas-Jefferson
USA;USA-Texas-Jim-Hogg
USA;USA-Texas-Jim-Wells
USA;USA-Texas-Johnson
USA;USA-Texas-Jones
USA;USA-Texas-Karnes
USA;USA-Texas-Kaufman
USA;USA-Texas-Kendall
USA;USA-Texas-Kenedy
USA;USA-Texas-Kent
USA;USA-Texas-Kerr
USA;USA-Texas-Kimble
USA;USA-Texas-King
USA;USA-Texas-Kinney
USA;USA-Texas-Kleberg
USA;USA-Texas-Knox
USA;USA-Texas-La-Salle
USA;USA-Texas-Lamar
USA;USA-Texas-Lamb
USA;USA-Texas-Lampasas
USA;USA-Texas-Lavaca
USA;USA-Texas-Lee
USA;USA-Texas-Leon
USA;USA-Texas-Liberty
USA;USA-Texas-Limestone
USA;USA-Texas-Lipscomb
USA;USA-Texas-Live-Oak
USA;USA-Texas-Llano
USA;USA-Texas-Loving
USA;USA-Texas-Lubbock
USA;USA-Texas-Lynn
USA;USA-Texas-Madison
USA;USA-Texas-Marion
USA;USA-Texas-Martin
USA;USA-Texas-Mason
USA;USA-Texas-Matagorda
USA;USA-Texas-Maverick
USA;USA-Texas-McCulloch
USA;USA-Texas-McLennan
USA;USA-Texas-McMullen
USA;USA-Texas-Medina
USA;USA-Texas-Menard
USA;USA-Texas-Midland
USA;USA-Texas-Milam
USA;USA-Texas-Mills
USA;USA-Texas-Mitchell
USA;USA-Texas-Montague
USA;USA-Texas-Montgomery
USA;USA-Texas-Moore
USA;USA-Texas-Morris
USA;USA-Texas-Motley
USA;USA-Texas-Nacogdoches
USA;USA-Texas-Navarro
USA;USA-Texas-Newton
USA;USA-Texas-Nolan
USA;USA-Texas-Nueces
USA;USA-Texas-Ochiltree
USA;USA-Texas-Oldham
USA;USA-Texas-Orange
USA;USA-Texas-Palo-Pinto
USA;USA-Texas-Panola
USA;USA-Texas-Parker
USA;USA-Texas-Parmer
USA;USA-Texas-Pecos
USA;USA-Texas-Polk
USA;USA-Texas-Potter
USA;USA-Texas-Presidio
USA;USA-Texas-Rains
USA;USA-Texas-Randall
USA;USA-Texas-Reagan
USA;USA-Texas-Real
USA;USA-Texas-Red-River
USA;USA-Texas-Reeves
USA;USA-Texas-Refugio
USA;USA-Texas-Roberts
USA;USA-Texas-Robertson
USA;USA-Texas-Rockwall
USA;USA-Texas-Runnels
USA;USA-Texas-Rusk
USA;USA-Texas-Sabine
USA;USA-Texas-San-Augustine
USA;USA-Texas-San-Jacinto
USA;USA-Texas-San-Patricio
USA;USA-Texas-San-Saba
USA;USA-Texas-Schleicher
USA;USA-Texas-Scurry
USA;USA-Texas-Shackelford
USA;USA-Texas-Shelby
USA;USA-Texas-Sherman
USA;USA-Texas-Smith
USA;USA-Texas-Somervell
USA;USA-Texas-Starr
USA;USA-Texas-Stephens
USA;USA-Texas-Sterling
USA;USA-Texas-Stonewall
USA;USA-Texas-Sutton
USA;USA-Texas-Swisher
USA;USA-Texas-Tarrant
USA;USA-Texas-Taylor
USA;USA-Texas-Terrell
USA;USA-Texas-Terry
USA;USA-Texas-Throckmorton
USA;USA-Texas-Titus
USA;USA-Texas-Tom-Green
USA;USA-Texas-Travis
USA;USA-Texas-Trinity
USA;USA-Texas-Tyler
USA;USA-Texas-Upshur
USA;USA-Texas-Upton
USA;USA-Texas-Uvalde
USA;USA-Texas-Val-Verde
USA;USA-Texas-Van-Zandt
USA;USA-Texas-Victoria
USA;USA-Texas-Walker
USA;USA-Texas-Waller
USA;USA-Texas-Ward
USA;USA-Texas-Washington
USA;USA-Texas-Webb
USA;USA-Texas-Wharton
USA;USA-Texas-Wheeler
USA;USA-Texas-Wichita
USA;USA-Texas-Wilbarger
USA;USA-Texas-Willacy
USA;USA-Texas-Williamson
USA;USA-Texas-Wilson
USA;USA-Texas-Winkler
USA;USA-Texas-Wise
USA;USA-Texas-Wood
USA;USA-Texas-Yoakum
USA;USA-Texas-Young
USA;USA-Texas-Zapata
USA;USA-Texas-Zavala
USA;USA-Utah-Bear-River
USA;USA-Utah-Central-Utah
USA;USA-Utah-Davis
USA;USA-Utah-Salt-Lake
USA;USA-Utah-San-Juan
USA;USA-Utah-Southeast-Utah
USA;USA-Utah-Southwest-Utah
USA;USA-Utah-Summit
USA;USA-Utah-Tooele
USA;USA-Utah-TriCounty
USA;USA-Utah-Utah
USA;USA-Utah-Wasatch
USA;USA-Utah-Weber-Morgan
USA;USA-Vermont-Addison
USA;USA-Vermont-Bennington
USA;USA-Vermont-Caledonia
USA;USA-Vermont-Chittenden
USA;USA-Vermont-Essex
USA;USA-Vermont-Franklin
USA;USA-Vermont-Grand-Isle
USA;USA-Vermont-Lamoille
USA;USA-Vermont-Orange
USA;USA-Vermont-Orleans
USA;USA-Vermont-Rutland
USA;USA-Vermont-Washington
USA;USA-Vermont-Windham
USA;USA-Vermont-Windsor
USA;USA-Virgin-Islands
USA;USA-Virginia-Accomack
USA;USA-Virginia-Albemarle
USA;USA-Virginia-Alexandria
USA;USA-Virginia-Alleghany
USA;USA-Virginia-Amelia
USA;USA-Virginia-Amherst
USA;USA-Virginia-Appomattox
USA;USA-Virginia-Arlington
USA;USA-Virginia-Augusta
USA;USA-Virginia-Bath
USA;USA-Virginia-Bedford
USA;USA-Virginia-Bland
USA;USA-Virginia-Botetourt
USA;USA-Virginia-Bristol
USA;USA-Virginia-Brunswick
USA;USA-Virginia-Buchanan
USA;USA-Virginia-Buckingham
USA;USA-Virginia-Buena-Vista
USA;USA-Virginia-Campbell
USA;USA-Virginia-Caroline
USA;USA-Virginia-Carroll
USA;USA-Virginia-Charles-City
USA;USA-Virginia-Charlotte
USA;USA-Virginia-Charlottesville
USA;USA-Virginia-Chesapeake
USA;USA-Virginia-Chesterfield
USA;USA-Virginia-Clarke
USA;USA-Virginia-Colonial-Heights
USA;USA-Virginia-Covington
USA;USA-Virginia-Craig
USA;USA-Virginia-Culpeper
USA;USA-Virginia-Cumberland
USA;USA-Virginia-Danville
USA;USA-Virginia-Dickenson
USA;USA-Virginia-Dinwiddie
USA;USA-Virginia-Emporia
USA;USA-Virginia-Essex
USA;USA-Virginia-Fairfax
USA;USA-Virginia-Fairfax-City
USA;USA-Virginia-Falls-Church
USA;USA-Virginia-Fauquier
USA;USA-Virginia-Floyd
USA;USA-Virginia-Fluvanna
USA;USA-Virginia-Franklin
USA;USA-Virginia-Franklin-City
USA;USA-Virginia-Frederick
USA;USA-Virginia-Fredericksburg
USA;USA-Virginia-Galax
USA;USA-Virginia-Giles
USA;USA-Virginia-Gloucester
USA;USA-Virginia-Goochland
USA;USA-Virginia-Grayson
USA;USA-Virginia-Greene
USA;USA-Virginia-Greensville
USA;USA-Virginia-Halifax
USA;USA-Virginia-Hampton
USA;USA-Virginia-Hanover
USA;USA-Virginia-Harrisonburg
USA;USA-Virginia-Henrico
USA;USA-Virginia-Henry
USA;USA-Virginia-Highland
USA;USA-Virginia-Hopewell
USA;USA-Virginia-Isle-of-Wight
USA;USA-Virginia-James-City
USA;USA-Virginia-King-George
USA;USA-Virginia-King-William
USA;USA-Virginia-King-and-Queen
USA;USA-Virginia-Lancaster
USA;USA-Virginia-Lee
USA;USA-Virginia-Lexington
USA;USA-Virginia-Loudoun
USA;USA-Virginia-Louisa
USA;USA-Virginia-Lunenburg
USA;USA-Virginia-Lynchburg
USA;USA-Virginia-Madison
USA;USA-Virginia-Manassas
USA;USA-Virginia-Manassas-Park
USA;USA-Virginia-Martinsville
USA;USA-Virginia-Mathews
USA;USA-Virginia-Mecklenburg
USA;USA-Virginia-Middlesex
USA;USA-Virginia-Montgomery
USA;USA-Virginia-Nelson
USA;USA-Virginia-New-Kent
USA;USA-Virginia-Newport-News
USA;USA-Virginia-Norfolk
USA;USA-Virginia-Northampton
USA;USA-Virginia-Northumberland
USA;USA-Virginia-Norton
USA;USA-Virginia-Nottoway
USA;USA-Virginia-Orange
USA;USA-Virginia-Page
USA;USA-Virginia-Patrick
USA;USA-Virginia-Petersburg
USA;USA-Virginia-Pittsylvania
USA;USA-Virginia-Poquoson
USA;USA-Virginia-Portsmouth
USA;USA-Virginia-Powhatan
USA;USA-Virginia-Prince-Edward
USA;USA-Virginia-Prince-George
USA;USA-Virginia-Prince-William
USA;USA-Virginia-Pulaski
USA;USA-Virginia-Radford
USA;USA-Virginia-Rappahannock
USA;USA-Virginia-Richmond
USA;USA-Virginia-Richmond-City
USA;USA-Virginia-Roanoke
USA;USA-Virginia-Roanoke-City
USA;USA-Virginia-Rockbridge
USA;USA-Virginia-Rockingham
USA;USA-Virginia-Russell
USA;USA-Virginia-Salem
USA;USA-Virginia-Scott
USA;USA-Virginia-Shenandoah
USA;USA-Virginia-Smyth
USA;USA-Virginia-Southampton
USA;USA-Virginia-Spotsylvania
USA;USA-Virginia-Stafford
USA;USA-Virginia-Staunton
USA;USA-Virginia-Suffolk
USA;USA-Virginia-Surry
USA;USA-Virginia-Sussex
USA;USA-Virginia-Tazewell
USA;USA-Virginia-Virginia-Beach
USA;USA-Virginia-Warren
USA;USA-Virginia-Washington
USA;USA-Virginia-Waynesboro
USA;USA-Virginia-Westmoreland
USA;USA-Virginia-Williamsburg
USA;USA-Virginia-Winchester
USA;USA-Virginia-Wise
USA;USA-Virginia-Wythe
USA;USA-Virginia-York
USA;USA-Washington-Adams
USA;USA-Washington-Asotin
USA;USA-Washington-Benton
USA;USA-Washington-Chelan
USA;USA-Washington-Clallam
USA;USA-Washington-Clark
USA;USA-Washington-Columbia
USA;USA-Washington-Cowlitz
USA;USA-Washington-Douglas
USA;USA-Washington-Ferry
USA;USA-Washington-Franklin
USA;USA-Washington-Garfield
USA;USA-Washington-Grant
USA;USA-Washington-Grays-Harbor
USA;USA-Washington-Island
USA;USA-Washington-Jefferson
USA;USA-Washington-King
USA;USA-Washington-Kitsap
USA;USA-Washington-Kittitas
USA;USA-Washington-Klickitat
USA;USA-Washington-Lewis
USA;USA-Washington-Lincoln
USA;USA-Washington-Mason
USA;USA-Washington-Okanogan
USA;USA-Washington-Pacific
USA;USA-Washington-Pend-Oreille
USA;USA-Washington-Pierce
USA;USA-Washington-San-Juan
USA;USA-Washington-Skagit
USA;USA-Washington-Skamania
USA;USA-Washington-Snohomish
USA;USA-Washington-Spokane
USA;USA-Washington-Stevens
USA;USA-Washington-Thurston
USA;USA-Washington-Wahkiakum
USA;USA-Washington-Walla-Walla
USA;USA-Washington-Whatcom
USA;USA-Washington-Whitman
USA;USA-Washington-Yakima
USA;USA-West-Virginia-Barbour
USA;USA-West-Virginia-Berkeley
USA;USA-West-Virginia-Boone
USA;USA-West-Virginia-Braxton
USA;USA-West-Virginia-Brooke
USA;USA-West-Virginia-Cabell
USA;USA-West-Virginia-Calhoun
USA;USA-West-Virginia-Clay
USA;USA-West-Virginia-Doddridge
USA;USA-West-Virginia-Fayette
USA;USA-West-Virginia-Gilmer
USA;USA-West-Virginia-Grant
USA;USA-West-Virginia-Greenbrier
USA;USA-West-Virginia-Hampshire
USA;USA-West-Virginia-Hancock
USA;USA-West-Virginia-Hardy
USA;USA-West-Virginia-Harrison
USA;USA-West-Virginia-Jackson
USA;USA-West-Virginia-Jefferson
USA;USA-West-Virginia-Kanawha
USA;USA-West-Virginia-Lewis
USA;USA-West-Virginia-Lincoln
USA;USA-West-Virginia-Logan
USA;USA-West-Virginia-Marion
USA;USA-West-Virginia-Marshall
USA;USA-West-Virginia-Mason
USA;USA-West-Virginia-McDowell
USA;USA-West-Virginia-Mercer
USA;USA-West-Virginia-Mineral
USA;USA-West-Virginia-Mingo
USA;USA-West-Virginia-Monongalia
USA;USA-West-Virginia-Monroe
USA;USA-West-Virginia-Morgan
USA;USA-West-Virginia-Nicholas
USA;USA-West-Virginia-Ohio
USA;USA-West-Virginia-Pendleton
USA;USA-West-Virginia-Pleasants
USA;USA-West-Virginia-Pocahontas
USA;USA-West-Virginia-Preston
USA;USA-West-Virginia-Putnam
USA;USA-West-Virginia-Raleigh
USA;USA-West-Virginia-Randolph
USA;USA-West-Virginia-Ritchie
USA;USA-West-Virginia-Roane
USA;USA-West-Virginia-Summers
USA;USA-West-Virginia-Taylor
USA;USA-West-Virginia-Tucker
USA;USA-West-Virginia-Tyler
USA;USA-West-Virginia-Upshur
USA;USA-West-Virginia-Wayne
USA;USA-West-Virginia-Webster
USA;USA-West-Virginia-Wetzel
USA;USA-West-Virginia-Wirt
USA;USA-West-Virginia-Wood
USA;USA-West-Virginia-Wyoming
USA;USA-Wisconsin-Adams
USA;USA-Wisconsin-Ashland
USA;USA-Wisconsin-Barron
USA;USA-Wisconsin-Bayfield
USA;USA-Wisconsin-Brown
USA;USA-Wisconsin-Buffalo
USA;USA-Wisconsin-Burnett
USA;USA-Wisconsin-Calumet
USA;USA-Wisconsin-Chippewa
USA;USA-Wisconsin-Clark
USA;USA-Wisconsin-Columbia
USA;USA-Wisconsin-Crawford
USA;USA-Wisconsin-Dane
USA;USA-Wisconsin-Dodge
USA;USA-Wisconsin-Door
USA;USA-Wisconsin-Douglas
USA;USA-Wisconsin-Dunn
USA;USA-Wisconsin-Eau-Claire
USA;USA-Wisconsin-Florence
USA;USA-Wisconsin-Fond-du-Lac
USA;USA-Wisconsin-Forest
USA;USA-Wisconsin-Grant
USA;USA-Wisconsin-Green
USA;USA-Wisconsin-Green-Lake
USA;USA-Wisconsin-Iowa
USA;USA-Wisconsin-Iron
USA;USA-Wisconsin-Jackson
USA;USA-Wisconsin-Jefferson
USA;USA-Wisconsin-Juneau
USA;USA-Wisconsin-Kenosha
USA;USA-Wisconsin-Kewaunee
USA;USA-Wisconsin-La-Crosse
USA;USA-Wisconsin-Lafayette
USA;USA-Wisconsin-Langlade
USA;USA-Wisconsin-Lincoln
USA;USA-Wisconsin-Manitowoc
USA;USA-Wisconsin-Marathon
USA;USA-Wisconsin-Marinette
USA;USA-Wisconsin-Marquette
USA;USA-Wisconsin-Menominee
USA;USA-Wisconsin-Milwaukee
USA;USA-Wisconsin-Monroe
USA;USA-Wisconsin-Oconto
USA;USA-Wisconsin-Oneida
USA;USA-Wisconsin-Outagamie
USA;USA-Wisconsin-Ozaukee
USA;USA-Wisconsin-Pepin
USA;USA-Wisconsin-Pierce
USA;USA-Wisconsin-Polk
USA;USA-Wisconsin-Portage
USA;USA-Wisconsin-Price
USA;USA-Wisconsin-Racine
USA;USA-Wisconsin-Richland
USA;USA-Wisconsin-Rock
USA;USA-Wisconsin-Rusk
USA;USA-Wisconsin-Sauk
USA;USA-Wisconsin-Sawyer
USA;USA-Wisconsin-Shawano
USA;USA-Wisconsin-Sheboygan
USA;USA-Wisconsin-St.-Croix
USA;USA-Wisconsin-Taylor
USA;USA-Wisconsin-Trempealeau
USA;USA-Wisconsin-Vernon
USA;USA-Wisconsin-Vilas
USA;USA-Wisconsin-Walworth
USA;USA-Wisconsin-Washburn
USA;USA-Wisconsin-Washington
USA;USA-Wisconsin-Waukesha
USA;USA-Wisconsin-Waupaca
USA;USA-Wisconsin-Waushara
USA;USA-Wisconsin-Winnebago
USA;USA-Wisconsin-Wood
USA;USA-Wyoming-Albany
USA;USA-Wyoming-Big-Horn
USA;USA-Wyoming-Campbell
USA;USA-Wyoming-Carbon
USA;USA-Wyoming-Converse
USA;USA-Wyoming-Crook
USA;USA-Wyoming-Fremont
USA;USA-Wyoming-Goshen
USA;USA-Wyoming-Hot-Springs
USA;USA-Wyoming-Johnson
USA;USA-Wyoming-Laramie
USA;USA-Wyoming-Lincoln
USA;USA-Wyoming-Natrona
USA;USA-Wyoming-Niobrara
USA;USA-Wyoming-Park
USA;USA-Wyoming-Platte
USA;USA-Wyoming-Sheridan
USA;USA-Wyoming-Sublette
USA;USA-Wyoming-Sweetwater
USA;USA-Wyoming-Teton
USA;USA-Wyoming-Uinta
USA;USA-Wyoming-Washakie
USA;USA-Wyoming-Weston
UGA;UGA
UKR;UKR-Cherkasy-Oblast
UKR;UKR-Chernihiv-Oblast
UKR;UKR-Chernivtsi-Oblast
UKR;UKR-Crimea-Republic-
UKR;UKR-Dnipropetrovsk-Oblast
UKR;UKR-Donetsk-Oblast
UKR;UKR-Ivano-Frankivsk-Oblast
UKR;UKR-Kharkiv-Oblast
UKR;UKR-Kherson-Oblast
UKR;UKR-Khmelnytskyi-Oblast
UKR;UKR-Kiev
UKR;UKR-Kiev-Oblast
UKR;UKR-Kirovohrad-Oblast
UKR;UKR-Luhansk-Oblast
UKR;UKR-Lviv-Oblast
UKR;UKR-Mykolaiv-Oblast
UKR;UKR-Odessa-Oblast
UKR;UKR-Poltava-Oblast
UKR;UKR-Rivne-Oblast
UKR;UKR-Sevastopol-
UKR;UKR-Sumy-Oblast
UKR;UKR-Ternopil-Oblast
UKR;UKR-Vinnytsia-Oblast
UKR;UKR-Volyn-Oblast
UKR;UKR-Zakarpattia-Oblast
UKR;UKR-Zaporizhia-Oblast
UKR;UKR-Zhytomyr-Oblast
ARE;ARE
GBR;GBR-Anguilla
GBR;GBR-Bermuda
GBR;GBR-British-Virgin-Islands
GBR;GBR-Cayman-Islands
GBR;GBR-Channel-Islands
GBR;GBR-England
GBR;GBR-Falkland-Islands-(Malvinas)
GBR;GBR-Gibraltar
GBR;GBR-Guernsey
GBR;GBR-Isle-of-Man
GBR;GBR-Jersey
GBR;GBR-Montserrat
GBR;GBR-Northern-Ireland
GBR;GBR-Pitcairn-Islands
GBR;GBR-Saint-Helena--Ascension-and-Tristan-da-Cunha
GBR;GBR-Scotland
GBR;GBR-Turks-and-Caicos-Islands
GBR;GBR-Wales
URY;URY
UZB;UZB
VUT;VUT
VEN;VEN
VNM;VNM
WBG;WBG
WO2;WO2
YEM;YEM
ZMB;ZMB
ZWE;ZWE
